area_code,ethnic_lower_tier_local_authorities,ethnic_asian_asian_british_or_asian_welsh_bangladeshi,ethnic_asian_asian_british_or_asian_welsh_chinese,ethnic_asian_asian_british_or_asian_welsh_indian,ethnic_asian_asian_british_or_asian_welsh_other_asian,ethnic_asian_asian_british_or_asian_welsh_pakistani,ethnic_black_black_british_black_welsh_caribbean_or_african_african,ethnic_black_black_british_black_welsh_caribbean_or_african_caribbean,ethnic_black_black_british_black_welsh_caribbean_or_african_other_black,ethnic_does_not_apply,ethnic_mixed_or_multiple_ethnic_groups_other_mixed_or_multiple_ethnic_groups,ethnic_mixed_or_multiple_ethnic_groups_white_and_asian,ethnic_mixed_or_multiple_ethnic_groups_white_and_black_african,ethnic_mixed_or_multiple_ethnic_groups_white_and_black_caribbean,ethnic_other_ethnic_group_any_other_ethnic_group,ethnic_other_ethnic_group_arab,ethnic_white_english_welsh_scottish_northern_irish_or_british,ethnic_white_gypsy_or_irish_traveller,ethnic_white_irish,ethnic_white_other_white,ethnic_white_roma,economy_lower_tier_local_authorities,economy_does_not_apply,economy_employed,economy_not_employed,employment_lower_tier_local_authorities,employment_does_not_apply,employment_not_in_employment_never_worked,employment_not_in_employment_not_worked_in_the_last_12_months,employment_not_in_employment_worked_in_the_last_12_months,education_lower_tier_local_authorities,education_does_not_apply,education_level_1_and_entry_level_qualifications_1_to_4_gcses_grade_a*_to_c_any_gcses_at_other_grades_o_levels_or_cses_any_grades_1_as_level_nvq_level_1_foundation_gnvq_basic_or_essential_skills,education_level_2_qualifications_5_or_more_gcses_a*_to_c_or_9_to_4_o_levels_passes_cses_grade_1_school_certification_1_a_level_2_to_3_as_levels_vces_intermediate_or_higher_diploma_welsh_baccalaureate_intermediate_diploma_nvq_level_2_intermediate_gnvq_city_and_guilds_craft_btec_first_or_general_diploma_rsa_diploma,education_level_3_qualifications_2_or_more_a_levels_or_vces_4_or_more_as_levels_higher_school_certificate_progression_or_advanced_diploma_welsh_baccalaureate_advance_diploma_nvq_level_3;_advanced_gnvq_city_and_guilds_advanced_craft_onc_ond_btec_national_rsa_advanced_diploma,education_level_4_qualifications_or_above_degree_ba_bsc_higher_degree_ma_phd_pgce_nvq_level_4_to_5_hnc_hnd_rsa_higher_diploma_btec_higher_level_professional_qualifications_for_example_teaching_nursing_accountancy,education_no_qualifications,education_other_apprenticeships_vocational_or_work-related_qualifications_other_qualifications_achieved_in_england_or_wales_qualifications_achieved_outside_england_or_wales_equivalent_not_stated_or_unknown,migrant_lower_tier_local_authorities,migrant_address_one_year_ago_is_student_term-time_or_boarding_school_address_in_the_uk,migrant_address_one_year_ago_is_the_same_as_the_address_of_enumeration,migrant_does_not_apply,migrant_migrant_from_outside_the_uk_address_one_year_ago_was_outside_the_uk,migrant_migrant_from_within_the_uk_address_one_year_ago_was_in_the_uk
E06000001,Hartlepool,278,217,335,473,297,327,57,61,0,173,240,115,143,284,270,87761,37,170,1081,19,Hartlepool,17652,37749,36937,Hartlepool,55401,12083,21189,3665,Hartlepool,17652,7076,10963,13776,18526,17286,7059,Hartlepool,181,83133,918,271,7834
E06000002,Middlesbrough,595,669,2804,2032,8990,3339,162,315,0,671,1110,650,570,2016,1452,114421,160,434,3212,320,Middlesbrough,29986,56434,57504,Middlesbrough,86420,21446,29159,6900,Middlesbrough,29986,11221,15270,19976,30127,27282,10063,Middlesbrough,755,126756,1621,2244,12548
E06000003,Redcar and Cleveland,158,208,175,336,283,182,48,35,0,240,460,215,270,211,321,131789,87,350,1148,14,Redcar and Cleveland,24189,55621,56721,Redcar and Cleveland,79810,15841,35561,5319,Redcar and Cleveland,24189,10983,15663,21300,28003,24732,11661,Redcar and Cleveland,148,125080,1176,331,9796
E06000004,Stockton-on-Tees,236,690,1812,1439,4875,1823,130,250,0,725,1131,469,412,1106,558,177526,145,528,2595,143,Stockton-on-Tees,38585,86443,71567,Stockton-on-Tees,125028,20945,43060,7562,Stockton-on-Tees,38585,15324,23005,29004,46648,29441,14588,Stockton-on-Tees,286,177449,1916,853,16088
E06000005,Darlington,759,308,1086,618,195,456,135,110,0,374,516,198,384,603,329,97320,434,342,3525,104,Darlington,19693,49296,38810,Darlington,68986,10345,24280,4187,Darlington,19693,8276,12733,16141,25517,16972,8468,Darlington,177,96392,1040,518,9672
E06000006,Halton,58,418,375,460,125,293,84,134,0,458,461,342,530,523,241,120301,91,685,2831,68,Halton,24530,58706,45242,Halton,83236,12298,27938,5006,Halton,24530,12338,17403,19057,24876,21865,8409,Halton,150,117889,1261,500,8678
E06000007,Warrington,197,1326,2347,1324,1760,1075,277,224,0,753,1204,593,785,1410,393,185940,115,1366,9717,167,Warrington,38256,103191,69527,Warrington,141447,15176,45614,8737,Warrington,38256,17238,25489,29830,56955,28453,14754,Warrington,428,190568,1946,1346,16686
E06000008,Blackburn with Darwen,1473,400,24389,1391,27525,1061,170,175,0,668,1329,231,368,1328,841,87997,101,589,4562,143,Blackburn with Darwen,35230,63557,55951,Blackburn with Darwen,98787,21900,28035,6016,Blackburn with Darwen,35230,12968,16574,18823,32054,28923,10166,Blackburn with Darwen,212,140262,1925,1249,11091
E06000009,Blackpool,442,542,892,1228,572,449,175,87,0,519,645,408,638,676,216,127445,236,808,4854,207,Blackpool,24697,59362,56977,Blackpool,84060,15328,35169,6480,Blackpool,24697,13677,17470,19382,26177,28575,11059,Blackpool,180,126403,1407,901,12146
E06000010,Kingston upon Hull,1279,1234,1259,2451,1292,4292,232,541,0,1249,1172,1144,948,3488,1443,223962,451,455,19835,286,Kingston upon Hull,53137,117789,96088,Kingston upon Hull,170926,30354,53599,12135,Kingston upon Hull,53137,24163,30143,37418,46511,54010,21635,Kingston upon Hull,2152,234760,3088,2012,25002
E06000011,East Riding of Yorkshire,129,766,1210,1053,528,617,173,104,0,851,1092,547,707,908,368,323838,324,1063,7819,118,East Riding of Yorkshire,54075,156120,132020,East Riding of Yorkshire,210195,24923,93961,13136,East Riding of Yorkshire,54075,28930,40565,49602,87851,52477,28715,East Riding of Yorkshire,621,309075,2622,1174,28723
E06000012,North East Lincolnshire,318,438,543,802,336,644,98,104,0,432,502,306,377,671,366,145362,65,320,5156,127,North East Lincolnshire,29444,68849,58673,North East Lincolnshire,98293,15494,37093,6086,North East Lincolnshire,29444,15531,20513,20885,27537,30907,12150,North East Lincolnshire,186,141536,1534,674,13036
E06000013,North Lincolnshire,1840,451,1126,1192,1013,663,85,70,0,458,717,289,356,1148,224,150554,168,556,8548,226,North Lincolnshire,30213,76223,63244,North Lincolnshire,106436,15245,41614,6384,North Lincolnshire,30213,16292,21104,23954,33361,30466,14290,North Lincolnshire,224,153715,1561,888,13291
E06000014,York,413,2889,1853,1934,545,978,208,139,0,1037,1579,494,631,1331,623,176963,368,1317,9297,222,York,30738,96195,75885,York,126936,16121,46259,13505,York,30738,12802,19552,37410,66749,22953,12617,York,5847,166270,1688,2563,26453
E06000015,Derby,827,1416,12631,4993,21034,6110,3056,1316,0,2048,2412,924,4178,6516,1032,173077,408,1982,16241,1163,Derby,52174,116201,92989,Derby,168375,26679,53360,12950,Derby,52174,21586,27706,36230,62097,42141,19430,Derby,1865,230959,2930,2173,23436
E06000016,Leicester,7055,2481,126421,11347,12673,21536,4466,2764,0,3439,3659,1776,5025,11870,3402,122395,457,1789,25177,839,Leicester,77557,154934,136080,Leicester,232491,54644,58698,22738,Leicester,77557,31152,33954,46860,77900,77692,23456,Leicester,5526,316173,4203,7030,35640
E06000017,Rutland,19,149,236,170,60,251,213,88,0,166,249,93,236,198,13,37372,86,265,1168,18,Rutland,6751,18783,15515,Rutland,25534,2762,10952,1801,Rutland,6751,2953,5278,5835,13012,4491,2731,Rutland,201,36049,275,284,4239
E06000018,Nottingham,2223,4263,11515,8532,21684,18740,9339,4136,0,3442,3363,2129,10129,7037,3673,185580,269,2360,24091,1130,Nottingham,59310,128868,135455,Nottingham,188177,43571,61658,30227,Nottingham,59310,23096,29844,66236,75673,51554,17919,Nottingham,13344,254460,3166,6245,46417
E06000019,Herefordshire,55,339,843,842,139,340,150,77,0,538,689,280,473,795,224,170419,431,727,9510,161,Herefordshire,29901,88511,68622,Herefordshire,118414,11749,49096,7778,Herefordshire,29901,14982,22184,26573,51420,28315,13659,Herefordshire,388,167356,1516,1128,16646
E06000020,Telford and Wrekin,207,818,4559,1115,3368,3962,748,641,0,770,1315,676,2083,1401,242,153936,203,723,8589,187,Telford and Wrekin,36867,85497,63177,Telford and Wrekin,122364,15648,39460,8069,Telford and Wrekin,36867,16732,23218,27765,38803,29666,12489,Telford and Wrekin,720,164089,1985,1184,17563
E06000021,Stoke-on-Trent,1577,1073,2772,4596,15579,5048,916,920,0,1017,1783,1020,2040,3639,690,202906,295,572,11498,428,Stoke-on-Trent,52469,112580,93320,Stoke-on-Trent,165049,27115,55133,11072,Stoke-on-Trent,52469,22574,30443,34678,44948,53354,19904,Stoke-on-Trent,1273,231158,3036,1772,21130
E06000022,Bath and North East Somerset,359,2089,1787,1876,278,980,616,250,0,1310,1846,595,1505,1058,552,165478,71,1427,11114,218,Bath and North East Somerset,31791,89812,71806,Bath and North East Somerset,121603,12904,44902,14000,Bath and North East Somerset,31791,11972,19147,35318,64251,19805,11125,Bath and North East Somerset,4918,157779,1769,2806,26137
E06000023,Bristol,2616,5466,8302,5821,9064,18149,6803,2938,0,5225,5556,2621,7714,6510,2540,338452,273,4288,39163,966,Bristol,82757,238511,151198,Bristol,321267,39291,81992,29915,Bristol,82757,29350,41789,73981,164106,56657,23826,Bristol,10860,384986,5166,6664,64789
E06000024,North Somerset,433,725,1067,949,148,733,251,155,0,940,1191,497,1007,957,247,195915,187,1210,9948,169,North Somerset,38161,102702,75865,North Somerset,140863,12275,55379,8211,North Somerset,38161,17219,26482,32377,60489,26615,15385,North Somerset,508,194056,1942,1089,19133
E06000025,South Gloucestershire,581,2113,4867,2181,1352,2787,1219,528,0,1720,1953,905,2711,1900,751,249160,443,1327,13553,373,South Gloucestershire,53058,147612,89754,South Gloucestershire,200670,16487,60322,12945,South Gloucestershire,53058,23996,33959,46440,78233,33792,20946,South Gloucestershire,1642,256214,3064,2096,27407
E06000026,Plymouth,537,1430,1403,2188,389,2022,460,304,0,1339,1349,860,1108,1902,677,236802,165,1055,10537,168,Plymouth,46071,121018,97606,Plymouth,167089,22570,61100,13936,Plymouth,46071,21388,30727,47362,60155,37894,21098,Plymouth,3233,228569,2450,1712,28731
E06000027,Torbay,129,435,527,1001,162,264,135,48,0,536,679,288,581,481,136,128375,41,714,4714,78,Torbay,22292,58935,58097,Torbay,81227,10850,41371,5876,Torbay,22292,13696,18096,20227,29628,23137,12248,Torbay,271,125210,1083,673,12087
E06000030,Swindon,1403,1156,17643,4946,2025,4149,1044,930,0,1778,1694,1051,1972,3134,344,173231,177,1545,14652,537,Swindon,46259,117866,69285,Swindon,164125,16222,43602,9461,Swindon,46259,24335,30268,30591,52220,32430,17306,Swindon,411,207187,2504,2249,21058
E06000031,Peterborough,442,990,7169,5228,16972,6225,1419,1107,0,1979,2021,1627,1990,5023,897,128353,551,1177,31562,938,Peterborough,48100,100968,66605,Peterborough,149068,19423,37769,9413,Peterborough,48100,20666,24191,25727,43956,37471,15562,Peterborough,383,190028,2700,2316,20245
E06000032,Luton,20630,901,12096,8555,41143,11774,8216,2745,0,2437,2429,1268,3486,5677,2106,71532,238,4570,24650,808,Luton,52563,98721,73977,Luton,151285,29340,33473,11164,Luton,52563,19650,21943,24832,51546,39478,15249,Luton,446,199322,3133,3756,18604
E06000033,Southend-on-Sea,1615,1170,2828,2486,1765,3590,839,724,0,1401,1527,1045,1580,1634,402,147442,106,1569,8721,241,Southend-on-Sea,34276,83259,63151,Southend-on-Sea,117535,14298,40947,7906,Southend-on-Sea,34276,17593,23151,25291,39832,28823,11720,Southend-on-Sea,348,161568,1960,1008,15802
E06000034,Thurrock,2502,997,3982,2579,2145,16171,2174,2532,0,1345,1099,1115,1693,2306,369,116430,428,993,16811,322,Thurrock,39637,85948,50415,Thurrock,125585,13880,29008,7527,Thurrock,39637,16640,21251,22151,35723,29443,11155,Thurrock,260,158909,2287,996,13548
E06000035,Medway,1962,1273,7693,3431,2125,11266,2552,1905,0,1882,2158,1394,2425,3508,452,218953,749,1866,13710,469,Medway,57016,132606,90151,Medway,189622,23375,55102,11674,Medway,57016,26898,35426,40009,57001,43158,20265,Medway,739,249090,3274,1711,24959
E06000036,Bracknell Forest,219,828,3774,3111,947,2072,554,367,0,971,1337,565,970,1311,310,96950,161,1038,8956,164,Bracknell Forest,24675,66397,33536,Bracknell Forest,91071,7077,21202,5257,Bracknell Forest,24675,10581,14929,17874,35578,13183,7788,Bracknell Forest,339,109157,1352,1067,12693
E06000037,West Berkshire,398,801,3087,1046,658,1095,627,308,0,1028,1274,501,1054,907,279,138253,190,1404,8379,158,West Berkshire,30712,82307,48429,West Berkshire,113019,8682,33468,6279,West Berkshire,30712,12985,18954,22048,48376,18484,9889,West Berkshire,518,144162,1509,1084,14175
E06000038,Reading,1132,2694,10777,7959,8279,7665,3293,1574,0,2041,2117,1249,3555,3720,1282,93167,107,2040,20999,573,Reading,32864,88866,52494,Reading,121730,14860,27392,10242,Reading,32864,12932,15070,23734,57149,22361,10116,Reading,2913,143154,1980,3914,22263
E06000039,Slough,910,594,30209,8063,34317,7815,2771,1406,0,1688,1945,824,1854,7144,1826,38101,237,1143,17296,357,Slough,39566,73700,45234,Slough,113266,17795,19844,7595,Slough,39566,12764,14336,16181,41423,23966,10264,Slough,308,141153,2166,2182,12691
E06000040,Windsor and Maidenhead,405,1329,9823,2338,6177,1433,628,297,0,1500,2195,617,926,2462,816,105991,287,2176,13900,197,Windsor and Maidenhead,29821,76302,47373,Windsor and Maidenhead,106123,10327,30298,6748,Windsor and Maidenhead,29821,10077,15918,18341,55603,15552,8184,Windsor and Maidenhead,597,135155,1462,1903,14382
E06000041,Wokingham,388,2392,12412,2435,5241,2914,864,528,0,1391,2212,667,1304,1955,948,129087,331,1504,10750,179,Wokingham,36681,89467,51354,Wokingham,126148,9853,34265,7236,Wokingham,36681,11396,17773,22992,65047,14671,8942,Wokingham,872,155971,1722,1858,17081
E06000042,Milton Keynes,3189,2913,15348,7032,7163,21502,2975,3374,0,3204,2973,2551,2997,4376,1349,178568,156,2382,24430,578,Milton Keynes,62229,143378,81453,Milton Keynes,205607,19853,48631,12969,Milton Keynes,62229,24422,32011,35371,80545,35577,16905,Milton Keynes,704,251495,3256,3164,28441
E06000043,Brighton and Hove,1729,3065,3633,3861,929,3949,988,521,0,4286,4198,2334,2410,5580,3049,204831,197,3944,26812,787,Brighton and Hove,41736,139291,96076,Brighton and Hove,181027,22835,54447,18794,Brighton and Hove,41736,16545,25067,46359,104790,29215,13391,Brighton and Hove,5784,222496,2199,4166,42456
E06000044,Portsmouth,4742,2116,3104,3805,603,5369,950,751,0,1527,1540,1244,1176,2790,1007,161664,118,1066,14105,324,Portsmouth,37183,97787,73033,Portsmouth,134970,18579,41032,13423,Portsmouth,37183,16434,22404,37296,51190,29766,13731,Portsmouth,3639,172537,2234,2802,26792
E06000045,Southampton,2064,4149,9169,6784,4248,5627,1103,809,0,2157,2444,1535,2173,4518,1311,169481,340,1643,28787,578,Southampton,44554,118228,86140,Southampton,162782,24069,45845,16226,Southampton,44554,19470,25671,41992,64663,35381,17191,Southampton,4628,205697,2712,4965,30917
E06000046,Isle of Wight,153,250,316,846,98,296,128,54,0,432,584,207,497,291,88,131697,67,830,3550,75,Isle of Wight,20873,57910,61677,Isle of Wight,78783,9935,45548,6193,Isle of Wight,20873,13355,17501,21444,32783,22064,12439,Isle of Wight,234,125058,991,677,13499
E06000047,County Durham,300,2838,2148,1818,730,1202,284,254,0,1167,1962,914,906,1248,825,494638,798,1384,8494,157,County Durham,88110,222215,211743,County Durham,310325,59011,129645,23087,County Durham,88110,41359,61724,86414,116019,90804,37638,County Durham,5712,462522,4623,2657,46551
E06000049,Cheshire East,626,1543,3480,2445,1437,1472,608,342,0,1750,2473,884,1952,2508,709,357337,345,2559,15884,418,Cheshire East,69298,192490,136987,Cheshire East,261785,25466,96004,15517,Cheshire East,69298,28571,45115,55373,123785,49524,27105,Cheshire East,874,354252,3648,2646,37352
E06000050,Cheshire West and Chester,742,1337,2338,2158,656,1515,373,219,0,1245,1961,904,1181,1564,595,325620,354,2651,11515,221,Cheshire West and Chester,61792,169088,126270,Cheshire West and Chester,230880,25846,84953,15471,Cheshire West and Chester,61792,27467,40467,52461,105387,46771,22805,Cheshire West and Chester,1940,319027,3280,2307,30596
E06000051,Shropshire,237,909,1614,1121,443,576,300,241,0,1076,1259,400,1126,1043,386,301918,349,1506,8945,158,Shropshire,51360,152423,119823,Shropshire,203783,21026,85969,12826,Shropshire,51360,26154,40900,47417,88502,45573,23700,Shropshire,757,288903,2656,1784,29506
E06000052,Cornwall,319,1033,784,1663,233,574,302,182,0,1996,2446,895,1693,5757,298,533882,717,2455,14787,289,Cornwall,92880,254247,223178,Cornwall,347127,35951,160198,27029,Cornwall,92880,47676,72367,89955,145890,77919,43618,Cornwall,3048,504540,4726,2652,55339
E06000053,Isles of Scilly,0,1,0,5,0,2,2,0,0,5,8,8,2,18,0,1926,1,9,68,0,Isles of Scilly,324,1114,616,Isles of Scilly,1438,53,473,89,Isles of Scilly,324,119,272,341,655,213,130,Isles of Scilly,3,1844,18,13,175
E06000054,Wiltshire,934,1494,2810,5242,396,2984,1589,1213,0,2366,2703,1161,2479,2912,637,459594,711,2591,18257,260,Wiltshire,91219,252345,166769,Wiltshire,343564,28487,118337,19945,Wiltshire,91219,42756,62668,76544,143201,60409,33536,Wiltshire,1357,451885,4557,3330,49204
E06000055,Bedford,4486,756,10074,2650,5297,5448,3227,1173,0,1863,2146,939,3638,2796,557,118779,208,1798,18906,483,Bedford,37107,90865,57253,Bedford,127972,13807,35457,7989,Bedford,37107,15366,19977,23976,51411,24813,12575,Bedford,472,163567,2163,1672,17351
E06000056,Central Bedfordshire,572,1368,4684,2385,1312,3942,2148,928,0,2097,2572,1095,3121,1989,493,245769,436,3527,15516,297,Central Bedfordshire,57492,151077,85683,Central Bedfordshire,208569,16696,57765,11222,Central Bedfordshire,57492,24650,34892,43107,78654,35598,19858,Central Bedfordshire,638,262318,3309,1892,26095
E06000057,Northumberland,302,521,1183,854,514,400,124,74,0,628,1033,440,456,742,268,308015,176,910,3864,62,Northumberland,51721,140777,128069,Northumberland,192498,28891,86935,12244,Northumberland,51721,26051,38873,47690,82653,48173,25406,Northumberland,468,291002,2575,983,25539
E06000058,"Bournemouth, Christchurch and Poole",1219,2569,4678,4489,596,2833,917,483,0,3381,3213,1839,2660,4437,1371,329609,489,2611,31937,864,"Bournemouth, Christchurch and Poole",65287,186032,148877,"Bournemouth, Christchurch and Poole",251319,27681,99011,22185,"Bournemouth, Christchurch and Poole",65287,33102,47335,63771,107437,53317,29947,"Bournemouth, Christchurch and Poole",3334,341555,3678,3808,47821
E06000059,Dorset,463,815,926,1859,242,605,296,181,0,1189,1635,601,1011,1119,223,356270,580,1917,9487,161,Dorset,57677,167777,154125,Dorset,225454,21682,116646,15797,Dorset,57677,33549,48267,56884,101298,50834,31070,Dorset,830,339034,2664,1828,35223
E06000060,Buckinghamshire,1673,3010,24181,9908,29546,6811,5668,1790,0,4984,6744,1902,5940,7196,1561,401489,623,6370,33132,550,Buckinghamshire,109683,273233,170159,Buckinghamshire,382919,35314,112130,22715,Buckinghamshire,109683,39427,59473,69811,181721,60981,31982,Buckinghamshire,1771,491751,5648,3836,50074
E06000061,North Northamptonshire,1104,1005,7325,2263,1029,6889,2473,1655,0,1905,1926,1320,3024,2603,338,289274,365,2590,31699,736,North Northamptonshire,70339,178855,110331,North Northamptonshire,249194,23986,72279,14068,North Northamptonshire,70339,34404,44428,48272,77281,57682,27120,North Northamptonshire,631,321142,3714,2529,31508
E06000062,West Northamptonshire,4660,1892,9661,3334,2916,14304,3647,2710,0,2980,2720,1797,4619,4040,685,319509,340,3872,40628,1409,West Northamptonshire,82223,215995,127507,West Northamptonshire,298218,27431,81126,18950,West Northamptonshire,82223,37390,49213,58081,109086,59804,29926,West Northamptonshire,1657,374988,4458,4227,40392
E07000008,Cambridge,2874,6362,5916,4974,1500,2519,639,403,0,2261,2987,1010,1152,3366,1141,77195,110,1885,28495,885,Cambridge,20909,70598,54167,Cambridge,91507,15169,25952,13046,Cambridge,20909,5989,8592,22686,69666,11957,5875,Cambridge,4807,110415,1224,6195,23033
E07000009,East Cambridgeshire,118,344,537,542,147,460,119,126,0,626,618,312,327,488,87,75897,265,664,5968,118,East Cambridgeshire,16333,44695,26734,East Cambridgeshire,61028,4865,18661,3207,East Cambridgeshire,16333,6993,9636,11736,25007,11824,6233,East Cambridgeshire,194,78690,794,629,7455
E07000010,Fenland,72,245,387,443,85,455,223,136,0,394,382,220,416,676,47,88028,593,434,9058,167,Fenland,17630,47108,37724,Fenland,64738,8610,25383,3731,Fenland,17630,10947,13346,13842,16152,21889,8656,Fenland,120,92077,970,438,8857
E07000011,Huntingdonshire,417,687,1779,1601,1261,1766,483,397,0,1191,1220,636,1010,1101,167,154089,272,1255,11372,128,Huntingdonshire,32571,91391,56870,Huntingdonshire,123962,10222,39649,6999,Huntingdonshire,32571,15790,21608,26020,49593,23194,12056,Huntingdonshire,376,160514,1752,1264,16926
E07000012,South Cambridgeshire,420,1956,4205,1961,857,1431,341,247,0,1371,1832,600,788,1409,414,128985,478,1447,13200,175,South Cambridgeshire,31758,82267,48094,South Cambridgeshire,114025,8366,33700,6028,South Cambridgeshire,31758,10095,15214,18451,62375,15409,8818,South Cambridgeshire,520,144233,1590,1392,14382
E07000026,Allerdale,43,139,103,221,34,59,19,6,0,175,241,74,137,197,38,92981,53,241,1359,33,Allerdale,15641,44235,36278,Allerdale,59876,7882,24709,3687,Allerdale,15641,7969,11162,13887,22855,16609,8031,Allerdale,124,88032,841,264,6891
E07000027,Barrow-in-Furness,59,227,240,369,54,223,14,13,0,141,227,67,115,160,85,64485,21,179,710,17,Barrow-in-Furness,11573,31183,24651,Barrow-in-Furness,42756,5930,16278,2446,Barrow-in-Furness,11573,5527,7380,11450,13821,10307,7349,Barrow-in-Furness,74,61220,634,337,5144
E07000028,Carlisle,179,365,430,521,133,273,42,22,0,278,348,186,161,382,197,102004,188,437,3795,84,Carlisle,18681,52950,38393,Carlisle,71631,8433,25423,4537,Carlisle,18681,9640,13322,16000,25472,18141,8768,Carlisle,343,97954,994,593,10139
E07000029,Copeland,56,122,123,195,51,141,34,10,0,117,175,59,99,119,61,64851,23,163,666,11,Copeland,11068,30570,25438,Copeland,41638,6104,17014,2320,Copeland,11068,5629,7780,10272,14543,11895,5889,Copeland,97,61154,599,226,5000
E07000030,Eden,78,86,133,117,21,50,27,10,0,120,134,45,69,128,20,51891,49,203,1526,30,Eden,8099,27335,19300,Eden,35435,3177,13746,2377,Eden,8099,4645,6651,7854,15183,8086,4216,Eden,99,49710,403,226,4297
E07000031,South Lakeland,31,192,165,361,63,120,102,29,0,298,363,159,214,268,60,97960,34,446,3512,73,South Lakeland,14747,50137,39566,South Lakeland,64884,5592,29212,4762,South Lakeland,14747,7393,11563,15341,34591,12393,8422,South Lakeland,261,94110,704,668,8704
E07000032,Amber Valley,37,282,496,281,112,180,149,52,0,293,467,169,619,274,26,119934,66,453,2279,35,Amber Valley,21143,60171,44892,Amber Valley,81314,8602,31693,4597,Amber Valley,21143,10975,15009,18723,30265,20668,9420,Amber Valley,200,115187,1097,330,9395
E07000033,Bolsover,12,152,266,206,86,246,111,62,0,164,190,102,288,200,42,74852,96,198,2963,34,Bolsover,13995,38100,28178,Bolsover,52095,6745,18730,2703,Bolsover,13995,7697,10066,11771,14406,16018,6320,Bolsover,84,72636,816,279,6459
E07000034,Chesterfield,75,363,679,417,416,444,260,135,0,356,363,185,594,341,83,96392,30,415,1982,38,Chesterfield,17565,47532,38472,Chesterfield,65098,8377,26318,3777,Chesterfield,17565,9384,13050,15449,23053,17380,7688,Chesterfield,153,94291,951,317,7857
E07000035,Derbyshire Dales,10,117,160,131,100,57,71,41,0,184,290,77,172,138,47,68326,38,355,1212,9,Derbyshire Dales,10480,33228,27832,Derbyshire Dales,43708,3821,20997,3014,Derbyshire Dales,10480,5301,8121,9588,23939,9583,4526,Derbyshire Dales,154,64594,478,309,6005
E07000036,Erewash,44,320,921,354,149,347,405,119,0,353,518,198,979,370,62,104400,38,532,2739,60,Erewash,19379,54966,38560,Erewash,74346,8086,26266,4208,Erewash,19379,10440,14022,17036,24203,18530,9296,Erewash,153,103179,983,286,8304
E07000037,High Peak,7,221,140,249,77,119,70,34,0,299,377,163,346,189,30,86183,20,639,1760,12,High Peak,15273,44614,31046,High Peak,59887,5532,21928,3586,High Peak,15273,7063,10412,13751,26922,11307,6208,High Peak,212,82590,783,287,7061
E07000038,North East Derbyshire,20,216,327,279,110,170,107,47,0,236,372,141,421,167,23,97657,45,306,1344,15,North East Derbyshire,16727,46563,38711,North East Derbyshire,63290,7371,27658,3682,North East Derbyshire,16727,9101,12364,15328,23507,17066,7908,North East Derbyshire,128,93191,910,233,7539
E07000039,South Derbyshire,29,287,2630,494,401,465,294,96,0,343,616,189,786,652,88,96634,72,437,2643,50,South Derbyshire,20254,53906,33048,South Derbyshire,74158,6655,22356,4037,South Derbyshire,20254,8596,12843,16365,27668,13922,7560,South Derbyshire,188,95900,1095,333,9692
E07000040,East Devon,181,304,273,673,28,202,99,47,0,486,624,223,387,360,89,142011,147,710,3923,56,East Devon,23439,66726,60662,East Devon,90166,7653,47044,5965,East Devon,23439,12653,19009,21722,43114,19207,11684,East Devon,362,133747,1192,742,14785
E07000041,Exeter,513,2020,1588,1980,274,893,137,107,0,1016,1305,484,503,1051,802,108095,100,875,8783,181,Exeter,19378,59700,51631,Exeter,79078,11499,28990,11142,Exeter,19378,9098,12730,27915,38612,15078,7898,Exeter,5648,101262,1163,2568,20068
E07000042,Mid Devon,24,182,168,173,15,63,22,16,0,264,319,122,194,190,33,77699,142,326,2854,47,Mid Devon,14647,40282,27923,Mid Devon,54929,4596,20131,3196,Mid Devon,14647,6968,10548,12262,20928,11614,5884,Mid Devon,168,73913,752,350,7668
E07000043,North Devon,87,191,324,443,90,179,80,66,0,324,417,136,297,257,82,92944,58,387,2196,54,North Devon,16418,45163,37030,North Devon,61581,5881,26760,4390,North Devon,16418,9099,12743,14604,23458,14596,7694,North Devon,191,87346,789,545,9740
E07000044,South Hams,34,158,175,212,35,71,61,17,0,318,413,107,210,243,147,83481,81,456,2358,51,South Hams,13659,40585,34383,South Hams,54245,4884,25775,3724,South Hams,13659,6329,10121,12682,29878,9725,6235,South Hams,192,78377,581,532,8945
E07000045,Teignbridge,111,251,190,418,34,136,51,29,0,493,568,190,313,282,68,127937,131,575,2986,39,Teignbridge,21342,62137,51324,Teignbridge,83479,7508,38369,5447,Teignbridge,21342,11479,16817,19731,37172,17758,10504,Teignbridge,241,120897,1042,487,12136
E07000046,Torridge,12,110,66,155,13,31,31,13,0,166,250,65,149,114,19,65452,54,288,1110,16,Torridge,10555,30053,27506,Torridge,40608,4301,20449,2755,Torridge,10555,6635,9073,10137,15059,10824,5832,Torridge,113,60863,517,301,6320
E07000047,West Devon,18,97,70,142,10,68,26,28,0,224,223,66,113,118,44,54196,40,271,1306,34,West Devon,8733,25384,22979,West Devon,34117,3365,17350,2264,West Devon,8733,4858,7079,8119,16468,7530,4310,West Devon,145,51150,417,287,5097
E07000061,Eastbourne,466,550,906,1452,170,883,259,166,0,823,812,508,659,1239,445,83465,77,960,7704,136,Eastbourne,17110,43831,40745,Eastbourne,60941,8074,28177,4494,Eastbourne,17110,9379,12393,14436,25210,15567,7589,Eastbourne,360,89697,888,794,9947
E07000062,Hastings,343,366,595,1107,125,782,304,176,0,753,724,404,758,1037,330,77418,128,780,4701,164,Hastings,16291,40899,33805,Hastings,57190,7994,22118,3692,Hastings,16291,8387,11256,12768,21357,15039,5897,Hastings,123,81213,900,563,8196
E07000063,Lewes,249,376,482,694,98,436,182,104,0,730,795,405,531,540,186,88830,100,811,4293,67,Lewes,16683,44507,38715,Lewes,61190,6547,28094,4074,Lewes,16683,8498,11840,13794,28978,13372,6740,Lewes,175,89710,798,465,8756
E07000064,Rother,118,265,427,553,27,344,163,54,0,448,568,265,421,342,126,85362,168,782,2634,47,Rother,13621,37934,41555,Rother,51555,7016,30878,3661,Rother,13621,8802,11688,13035,23746,15007,7211,Rother,181,83474,677,438,8340
E07000065,Wealden,246,437,712,772,83,371,196,79,0,736,1060,389,524,580,158,146968,397,1092,5248,104,Wealden,26503,74543,59105,Wealden,101046,9444,43494,6167,Wealden,26503,13935,20838,24057,43548,19965,11305,Wealden,346,143026,1298,689,14792
E07000066,Basildon,729,735,3855,1812,864,6402,1279,1232,0,1170,1143,892,1733,1362,243,154045,237,1227,8326,281,Basildon,38908,89011,59652,Basildon,127919,13920,38432,7300,Basildon,38908,19440,24489,25316,36541,30827,12050,Basildon,268,170213,2250,878,13962
E07000067,Braintree,221,365,834,917,229,1205,442,242,0,853,880,437,844,709,106,140283,161,1085,5385,67,Braintree,28699,76284,50285,Braintree,104983,9708,34553,6024,Braintree,28699,15569,21107,23081,32674,23238,10899,Braintree,268,139393,1445,453,13709
E07000068,Brentwood,293,510,2015,828,267,1164,368,215,0,605,809,321,633,660,166,63696,95,1008,3318,77,Brentwood,14180,37901,24964,Brentwood,52081,4762,17139,3068,Brentwood,14180,6071,9668,10790,22248,9482,4609,Brentwood,174,68905,801,485,6685
E07000069,Castle Point,189,264,541,392,164,827,190,162,0,360,419,155,512,394,32,82997,31,528,1393,32,Castle Point,15175,41006,33406,Castle Point,56181,6822,23318,3267,Castle Point,15175,10153,12632,12659,13747,17753,7468,Castle Point,101,82097,801,183,6405
E07000070,Chelmsford,841,1133,4728,1820,1124,3373,796,587,0,1210,1438,722,1354,1312,384,150758,255,1536,8005,147,Chelmsford,33785,89862,57876,Chelmsford,123647,11129,39394,7353,Chelmsford,33785,15318,22513,25917,50086,22401,11502,Chelmsford,557,161260,1805,1357,16544
E07000071,Colchester,767,1834,3027,3536,743,4904,961,796,0,1533,1659,982,1428,2114,731,155488,175,1192,10602,244,Colchester,36373,92015,64327,Colchester,128388,14158,40708,9461,Colchester,36373,16123,23196,30420,50401,24043,12159,Colchester,1986,165751,2006,1962,21010
E07000072,Epping Forest,703,785,4712,1548,1930,1941,1438,553,0,1521,1306,588,1481,2675,330,101994,142,1657,9516,160,Epping Forest,25048,65796,44136,Epping Forest,90844,10161,28075,5900,Epping Forest,25048,11388,16115,17575,35632,20734,8485,Epping Forest,251,121777,1511,647,10795
E07000073,Harlow,740,817,1613,1188,1197,4156,909,762,0,787,623,587,1051,1385,301,67993,182,743,8103,193,Harlow,20226,45981,27121,Harlow,66207,6865,16528,3728,Harlow,20226,9802,11618,12132,17864,15364,6322,Harlow,119,83476,1190,664,7878
E07000074,Maldon,143,127,224,211,36,119,76,41,0,232,328,107,230,192,16,62268,176,439,1202,44,Maldon,10780,31256,24172,Maldon,42036,4213,17374,2585,Maldon,10780,6744,8920,9798,14080,10674,5212,Maldon,95,59564,559,209,5780
E07000075,Rochford,77,266,439,306,97,402,140,91,0,310,493,198,431,260,36,80339,104,462,1180,31,Rochford,14951,40658,30052,Rochford,55609,5390,21432,3230,Rochford,14951,9084,12358,13097,16095,13556,6520,Rochford,124,78219,793,178,6346
E07000076,Tendring,131,505,462,608,88,454,323,133,0,543,605,361,884,465,75,138604,110,1142,2764,36,Tendring,23401,58281,66610,Tendring,81680,13548,47167,5895,Tendring,23401,16158,19076,19444,24811,32782,12619,Tendring,169,133062,1259,333,13469
E07000077,Uttlesford,170,273,572,579,128,377,207,125,0,525,731,262,498,522,79,81245,105,844,4019,83,Uttlesford,17820,45742,27779,Uttlesford,63562,4673,19392,3714,Uttlesford,17820,6980,11425,12688,26926,10117,5385,Uttlesford,233,81835,833,468,7972
E07000078,Cheltenham,480,864,2005,1281,292,813,217,151,0,779,1139,390,641,903,322,98932,80,1031,8358,158,Cheltenham,20400,59157,39279,Cheltenham,79557,7611,26133,5535,Cheltenham,20400,7848,12338,15886,42441,13181,6742,Cheltenham,1225,101105,1027,1243,14236
E07000079,Cotswold,56,235,387,465,52,261,78,63,0,441,493,171,288,297,33,83545,71,635,3202,57,Cotswold,14517,44079,32236,Cotswold,58596,4472,23607,4158,Cotswold,14517,6768,10640,12575,30370,10439,5523,Cotswold,384,79614,744,681,9406
E07000080,Forest of Dean,16,151,139,284,35,117,82,43,0,230,303,135,257,316,27,82401,103,314,1988,63,Forest of Dean,13957,39990,33057,Forest of Dean,53947,6257,23030,3770,Forest of Dean,13957,7648,11425,12861,21023,13427,6663,Forest of Dean,204,78416,724,346,7314
E07000081,Gloucester,802,497,4481,1603,1160,2149,1912,765,0,882,869,569,2694,1238,332,103317,224,800,7824,296,Gloucester,25477,65621,41318,Gloucester,91098,9939,25402,5977,Gloucester,25477,12336,16332,19965,29295,19473,9538,Gloucester,764,117446,1404,672,12130
E07000082,Stroud,99,236,440,416,65,257,186,85,0,547,786,259,579,371,77,111896,126,711,3909,59,Stroud,20909,59919,40276,Stroud,80828,6425,29174,4677,Stroud,20909,9028,13879,17118,38746,13517,7907,Stroud,288,109126,995,488,10207
E07000083,Tewkesbury,111,229,798,674,112,341,151,103,0,385,531,192,591,385,73,85720,360,537,3508,81,Tewkesbury,17531,46524,30829,Tewkesbury,64055,4977,22245,3607,Tewkesbury,17531,7566,11500,13455,27744,10717,6370,Tewkesbury,191,84936,971,458,8327
E07000084,Basingstoke and Deane,480,1057,4745,3976,709,2514,680,417,0,1091,1454,711,1461,1675,344,151572,223,1330,10478,237,Basingstoke and Deane,35347,96973,52834,Basingstoke and Deane,132320,9968,35657,7209,Basingstoke and Deane,35347,15914,21571,27027,52806,21302,11187,Basingstoke and Deane,443,163495,1989,1611,17616
E07000085,East Hampshire,199,365,612,971,223,446,134,78,0,590,868,258,363,546,96,113814,278,749,5069,83,East Hampshire,21914,61734,42098,East Hampshire,83646,6746,30453,4899,East Hampshire,21914,9076,15052,18474,40207,13605,7416,East Hampshire,323,112021,1085,718,11597
E07000086,Eastleigh,372,865,2634,1018,367,949,179,172,0,697,1076,469,575,789,199,120242,198,633,4913,97,Eastleigh,26111,69516,40816,Eastleigh,95627,7291,28404,5121,Eastleigh,26111,11209,16397,21007,36540,15155,10026,Eastleigh,251,121898,1382,607,12303
E07000087,Fareham,143,562,834,454,121,403,181,86,0,449,704,231,343,395,107,106212,109,484,2636,58,Fareham,18875,55631,40007,Fareham,74506,6414,29407,4186,Fareham,18875,9376,13952,18423,31910,13246,8728,Fareham,221,103551,898,496,9347
E07000088,Gosport,92,312,337,405,23,439,405,140,0,359,342,190,319,401,49,75763,42,310,1992,29,Gosport,14741,38484,28727,Gosport,53225,5618,19818,3291,Gosport,14741,8504,10664,13322,16648,11695,6378,Gosport,93,73403,823,339,7295
E07000089,Hart,161,519,1318,1380,217,514,225,104,0,605,919,299,408,663,120,86414,246,769,4445,78,Hart,19080,50445,29883,Hart,69525,4692,21284,3907,Hart,19080,7066,11310,14320,33217,8742,5672,Hart,238,88143,929,678,9421
E07000090,Havant,178,424,905,527,73,463,155,132,0,438,557,372,352,399,108,115732,69,485,2792,49,Havant,21343,56368,46497,Havant,77711,9229,32588,4680,Havant,21343,11643,15718,18281,27262,20492,9469,Havant,158,112860,1129,395,9666
E07000091,New Forest,176,435,577,843,72,399,162,142,0,609,801,327,478,556,87,163847,480,833,4843,115,New Forest,27041,78702,70042,New Forest,105743,10275,52818,6949,New Forest,27041,15276,22002,26369,46380,23951,14766,New Forest,287,158810,1293,736,14658
E07000092,Rushmoor,297,507,2105,10526,1223,1448,652,431,0,630,829,412,707,2593,180,70917,190,658,5346,108,Rushmoor,18885,53015,27856,Rushmoor,71900,7836,15916,4104,Rushmoor,18885,9582,11523,13850,24115,14803,6998,Rushmoor,218,87478,1265,923,9872
E07000093,Test Valley,248,676,1666,1357,337,974,241,243,0,645,835,378,454,792,188,114873,170,607,5718,89,Test Valley,23741,65860,40890,Test Valley,89602,6786,29066,5038,Test Valley,23741,10487,15329,19252,38099,15047,8538,Test Valley,306,115949,1215,737,12284
E07000094,Winchester,271,793,1102,1545,206,499,199,94,0,754,1111,316,409,654,186,112304,374,902,5638,87,Winchester,22693,60573,44177,Winchester,83267,7438,29891,6848,Winchester,22693,7320,12998,19439,47033,11624,6336,Winchester,1634,107218,1085,1326,16181
E07000095,Broxbourne,316,420,1391,1208,322,3802,1966,820,0,1421,749,451,1309,4327,204,67891,155,1310,10762,183,Broxbourne,19570,48306,31131,Broxbourne,67876,7641,19326,4164,Broxbourne,19570,9349,11727,13270,21689,16557,6845,Broxbourne,181,89918,1116,390,7401
E07000096,Dacorum,461,757,3397,1745,2588,2822,1023,566,0,1346,1687,697,1536,1458,396,122107,194,2102,9997,202,Dacorum,31301,77199,46581,Dacorum,108500,9182,31028,6373,Dacorum,31301,12499,17595,19844,46745,18167,8930,Dacorum,388,138732,1786,975,13200
E07000098,Hertsmere,381,1059,6660,2433,787,3713,890,578,0,1342,1240,508,948,3780,363,68032,167,2155,12509,282,Hertsmere,21635,52766,33426,Hertsmere,74401,8169,20540,4717,Hertsmere,21635,7921,11396,12741,34134,13778,6221,Hertsmere,399,96587,1192,783,8866
E07000099,North Hertfordshire,581,709,3811,1319,536,1458,1331,446,0,1129,1455,509,1820,1195,291,108298,39,1684,6518,81,North Hertfordshire,25467,67161,40582,North Hertfordshire,92628,7282,28235,5065,North Hertfordshire,25467,9987,14358,16645,44740,14652,7359,North Hertfordshire,357,119595,1411,603,11243
E07000102,Three Rivers,227,712,10166,1984,1176,1235,746,252,0,933,1346,343,768,1272,296,63706,86,1977,6457,90,Three Rivers,18768,46948,28055,Three Rivers,65716,5918,18323,3814,Three Rivers,18768,6539,9838,11479,32023,10022,5102,Three Rivers,300,84831,977,631,7032
E07000103,Watford,493,1024,9954,5369,8197,3954,1733,801,0,1444,1408,692,1300,2885,763,46820,80,2149,12836,343,Watford,21282,52859,28104,Watford,74142,8042,15559,4503,Watford,21282,7463,9965,11677,33256,12841,5761,Watford,220,89925,1270,1381,9450
E07000105,Ashford,336,578,1720,4630,404,2504,572,348,0,766,898,438,775,1584,298,109673,686,776,5682,79,Ashford,25978,63617,43154,Ashford,89593,9535,28563,5056,Ashford,25978,12098,16412,18232,32148,18829,9047,Ashford,265,117597,1408,962,12515
E07000106,Canterbury,431,1357,1994,2054,541,2928,647,331,0,1264,1408,661,983,1682,675,129887,391,1311,8694,190,Canterbury,24655,66164,66610,Canterbury,90819,15114,41023,10473,Canterbury,24655,11845,16598,28827,43896,21555,10055,Canterbury,4209,128984,1237,2156,20843
E07000107,Dartford,1052,1165,5123,3413,760,9812,1141,1329,0,931,980,723,1004,2131,254,78557,309,812,7100,158,Dartford,26055,58823,31875,Dartford,84878,8015,19341,4519,Dartford,26055,10008,13850,15187,29362,14717,7576,Dartford,185,104492,1599,778,9699
E07000108,Dover,162,303,550,1346,41,546,176,115,0,500,546,297,411,863,136,105111,247,648,4170,243,Dover,20279,50926,45205,Dover,71205,9588,31057,4560,Dover,20279,10741,14905,17218,25951,18706,8609,Dover,201,104385,1060,551,10213
E07000109,Gravesham,690,352,8136,1978,843,5235,847,870,0,715,791,535,787,3103,127,73030,320,699,7493,351,Gravesham,22346,49761,34794,Gravesham,72106,9138,21241,4415,Gravesham,22346,10086,12846,13962,22572,17186,7902,Gravesham,166,97035,1269,534,7896
E07000110,Maidstone,649,655,2145,4196,568,2567,643,396,0,1108,1316,611,978,1836,249,144114,1009,994,11474,273,Maidstone,33646,86409,55727,Maidstone,120055,11591,37416,6720,Maidstone,33646,15510,21706,24906,42531,24786,12695,Maidstone,354,154597,1930,1188,17716
E07000111,Sevenoaks,236,765,1326,905,252,1332,370,230,0,842,1347,337,655,755,158,103116,460,1085,6272,72,Sevenoaks,23911,56384,40219,Sevenoaks,80295,7526,28122,4571,Sevenoaks,23911,9281,14060,15101,36073,15087,7001,Sevenoaks,317,108586,1243,764,9604
E07000112,Folkestone and Hythe,196,358,490,3013,214,385,203,94,0,575,676,303,554,965,119,96590,146,765,3976,137,Folkestone and Hythe,18203,47819,43736,Folkestone and Hythe,66022,9236,30115,4385,Folkestone and Hythe,18203,10642,13599,15793,25068,17756,8698,Folkestone and Hythe,197,98606,949,560,9446
E07000113,Swale,406,328,776,656,146,2541,452,494,0,755,757,415,814,669,127,134385,925,855,5999,177,Swale,29677,69203,52797,Swale,98880,12746,34279,5772,Swale,29677,15032,18975,21027,28911,26824,11231,Swale,171,136340,1587,478,13101
E07000114,Thanet,254,448,941,1344,272,859,453,169,0,893,894,591,1042,1461,247,122796,185,1145,6213,380,Thanet,25170,59190,56227,Thanet,84360,12549,38197,5481,Thanet,25170,13332,16646,19294,30376,24990,10779,Thanet,195,125590,1399,710,12693
E07000115,Tonbridge and Malling,376,665,1547,999,289,873,278,163,0,816,1041,416,670,612,169,116787,462,849,5114,75,Tonbridge and Malling,26675,64426,41100,Tonbridge and Malling,91101,8060,28164,4876,Tonbridge and Malling,26675,11163,16681,18458,34332,16324,8568,Tonbridge and Malling,264,119508,1354,585,10490
E07000116,Tunbridge Wells,548,681,1692,1278,367,828,174,129,0,818,1285,368,478,859,247,97049,333,913,7148,119,Tunbridge Wells,22909,55898,36504,Tunbridge Wells,78807,6919,25141,4444,Tunbridge Wells,22909,7996,13396,14385,38010,12454,6159,Tunbridge Wells,347,100877,1131,980,11976
E07000117,Burnley,2737,164,378,549,10102,180,95,51,0,323,826,165,191,621,157,73752,83,457,3714,106,Burnley,19447,40034,35165,Burnley,59481,10758,20571,3836,Burnley,19447,8368,10415,12610,18299,18347,7160,Burnley,111,85154,1050,891,7438
E07000118,Chorley,119,307,747,264,767,308,247,98,0,368,520,236,649,279,236,109449,57,630,2394,58,Chorley,21363,57244,39125,Chorley,78607,7856,27112,4155,Chorley,21363,9007,13468,17264,32614,15422,8594,Chorley,181,106963,1108,360,9121
E07000119,Fylde,75,242,383,299,174,189,66,76,0,290,396,173,299,284,97,75793,49,548,1887,55,Fylde,12127,35716,33531,Fylde,47843,5637,24676,3218,Fylde,12127,6406,9605,12055,23868,11117,6196,Fylde,141,72522,581,728,7404
E07000120,Hyndburn,455,137,363,621,10825,160,40,24,0,211,573,119,188,370,167,65471,86,365,2018,44,Hyndburn,16602,35627,30005,Hyndburn,52229,9135,17728,3142,Hyndburn,16602,6845,9321,11527,16514,14951,6474,Hyndburn,108,74961,893,287,5986
E07000121,Lancaster,355,1597,1629,961,613,1019,125,71,0,616,823,341,424,825,477,125552,309,802,6310,90,Lancaster,23291,62401,57239,Lancaster,85695,13485,35074,8680,Lancaster,23291,10307,14998,27060,38664,18885,9727,Lancaster,3417,120294,1235,1882,16105
E07000122,Pendle,302,161,242,366,24502,174,51,19,0,277,885,95,231,641,235,63320,97,342,3692,126,Pendle,20535,39623,35599,Pendle,60158,11763,19876,3961,Pendle,20535,8006,9740,12521,19085,18639,7231,Pendle,130,86759,1105,982,6781
E07000123,Preston,758,707,19047,1749,7554,2355,827,307,0,781,1321,506,1759,1685,1157,97715,114,923,8321,248,Preston,29166,66634,52034,Preston,95800,16187,28352,7496,Preston,29166,11143,15243,21665,37641,23079,9899,Preston,1573,126872,1756,2388,15246
E07000124,Ribble Valley,24,139,385,136,581,76,35,14,0,165,323,123,125,132,51,57916,7,340,978,15,Ribble Valley,10099,30385,21077,Ribble Valley,40484,3450,15406,2221,Ribble Valley,10099,4059,6746,8863,20456,6802,4536,Ribble Valley,146,54987,464,314,5650
E07000125,Rossendale,1587,209,226,222,1632,89,58,25,0,200,425,153,265,190,77,64073,28,509,886,14,Rossendale,13572,33116,24184,Rossendale,46687,5808,15803,2573,Rossendale,13572,5433,8145,10561,17565,10672,4924,Rossendale,103,64697,688,181,5202
E07000126,South Ribble,59,327,1165,334,422,266,209,64,0,289,632,237,750,266,96,103089,25,617,2132,56,South Ribble,19536,54711,36788,South Ribble,74246,7329,25561,3898,South Ribble,19536,8782,12886,17422,29235,14356,8817,South Ribble,182,101308,1025,288,8232
E07000127,West Lancashire,36,264,447,366,119,245,100,43,0,384,509,312,342,319,148,108998,29,657,4040,71,West Lancashire,19094,53546,44787,West Lancashire,72642,10020,28253,6514,West Lancashire,19094,9061,13457,20675,29460,17485,8194,West Lancashire,1459,102626,929,556,11861
E07000128,Wyre,45,330,221,410,103,167,69,37,0,264,367,202,302,185,105,107171,71,487,1379,31,Wyre,17595,47835,46516,Wyre,65430,9344,32772,4400,Wyre,17595,9497,13859,16519,26682,18693,9101,Wyre,189,100183,932,411,10231
E07000129,Blaby,59,518,6870,632,418,980,440,174,0,590,857,267,1051,1138,177,84746,90,561,3301,55,Blaby,19260,51446,32220,Blaby,70706,6635,21934,3651,Blaby,19260,8373,11882,15427,25547,14463,7975,Blaby,162,93855,1031,324,7554
E07000130,Charnwood,2677,1760,15735,2027,654,2081,518,241,0,1055,1721,529,1355,1549,609,143345,70,1038,6841,165,Charnwood,30871,84799,68301,Charnwood,115670,15728,40170,12403,Charnwood,30871,13858,18970,33746,49884,24122,12520,Charnwood,3472,155352,1664,1907,21576
E07000131,Harborough,68,233,4250,468,279,411,201,87,0,457,762,182,602,691,81,85474,193,554,2608,22,Harborough,17197,48771,31657,Harborough,65968,5371,22563,3723,Harborough,17197,7232,11248,13900,30387,10937,6724,Harborough,241,86565,871,491,9460
E07000132,Hinckley and Bosworth,85,386,2018,437,221,423,187,82,0,456,681,215,638,539,93,103225,80,554,3273,48,Hinckley and Bosworth,19722,55886,38032,Hinckley and Bosworth,75608,7162,26740,4130,Hinckley and Bosworth,19722,10026,13584,16900,27630,17207,8571,Hinckley and Bosworth,220,103369,1023,297,8733
E07000133,Melton,22,115,306,143,13,103,67,22,0,138,239,76,206,125,35,48064,25,269,1767,17,Melton,8806,25465,17481,Melton,34271,2915,12596,1970,Melton,8806,4293,6303,7908,13349,7034,4059,Melton,89,46603,435,208,4417
E07000134,North West Leicestershire,14,234,784,443,68,423,144,75,0,312,576,174,530,416,65,96430,129,454,3373,63,North West Leicestershire,18540,51961,34204,North West Leicestershire,70501,6679,23293,4232,North West Leicestershire,18540,8570,12133,16173,25818,15813,7658,North West Leicestershire,436,93680,1052,357,9180
E07000135,Oadby and Wigston,315,325,12189,1020,2282,725,394,135,0,408,730,194,541,1515,382,34512,10,360,1692,18,Oadby and Wigston,10537,25988,21219,Oadby and Wigston,36526,5297,13192,2732,Oadby and Wigston,10537,4581,6035,8731,15123,8771,3969,Oadby and Wigston,189,51280,493,472,5313
E07000136,Boston,67,111,606,342,317,357,57,53,0,295,261,176,283,728,119,52540,142,161,13697,193,Boston,12918,33631,23953,Boston,46549,5324,15940,2689,Boston,12918,7317,8274,8157,10963,15921,6952,Boston,81,62453,643,786,6539
E07000137,East Lindsey,109,271,282,360,112,148,108,36,0,317,455,160,552,231,54,136036,123,476,2414,51,East Lindsey,20878,55577,65841,East Lindsey,76455,13034,46446,6359,East Lindsey,20878,13930,18400,20068,26133,30632,12255,East Lindsey,200,127824,1047,515,12708
E07000138,Lincoln,322,788,788,1147,302,1094,236,136,0,568,657,373,470,948,320,85891,145,652,8818,159,Lincoln,16746,46718,40349,Lincoln,63464,10247,21934,8168,Lincoln,16746,8461,11149,22253,22943,15135,7126,Lincoln,3697,82373,1035,1282,15426
E07000139,North Kesteven,85,286,370,327,92,239,104,73,0,327,450,218,373,307,92,111304,57,510,2830,28,North Kesteven,20059,56892,41123,North Kesteven,76951,7597,29352,4174,North Kesteven,20059,9741,14570,19662,29278,15887,8877,North Kesteven,280,105242,984,539,11029
E07000140,South Holland,66,205,467,372,66,324,118,75,0,336,343,219,327,531,50,80244,168,274,10764,173,South Holland,16124,45234,33764,South Holland,61358,6303,24024,3437,South Holland,16124,9844,12424,12675,15866,19399,8789,South Holland,131,84679,897,481,8934
E07000141,South Kesteven,67,504,865,857,236,552,222,101,0,512,590,318,531,532,97,129741,107,681,6822,70,South Kesteven,25394,68194,49816,South Kesteven,93588,9139,35140,5537,South Kesteven,25394,12432,17947,21236,35554,19963,10881,South Kesteven,338,128896,1264,633,12273
E07000142,West Lindsey,17,186,547,268,118,183,106,44,0,233,358,169,321,254,88,89964,216,372,1691,18,West Lindsey,16036,42136,36981,West Lindsey,58172,7454,26050,3476,West Lindsey,16036,8194,11616,14323,23191,14326,7467,West Lindsey,169,85375,783,339,8491
E07000143,Breckland,120,254,342,519,105,387,233,200,0,598,482,456,515,777,32,125516,204,654,9938,145,Breckland,23624,65638,52214,Breckland,89262,9421,37494,5299,Breckland,23624,14196,18382,19911,27207,26228,11928,Breckland,188,126541,1224,839,12684
E07000144,Broadland,179,436,554,593,69,474,95,115,0,478,665,395,304,400,97,123265,60,513,2990,41,Broadland,21215,62589,47917,Broadland,83804,7437,35632,4846,Broadland,21215,12253,17364,20032,30320,19415,11122,Broadland,175,119805,1015,384,10342
E07000145,Great Yarmouth,64,246,786,719,121,857,105,142,0,423,374,424,354,699,75,88663,135,352,5097,114,Great Yarmouth,17029,41141,41581,Great Yarmouth,58168,9229,27678,4673,Great Yarmouth,17029,10744,12935,13209,15091,21926,8814,Great Yarmouth,99,89483,922,619,8625
E07000146,King's Lynn and West Norfolk,103,400,1238,979,166,518,143,182,0,617,526,429,450,860,152,136966,417,655,9386,139,King's Lynn and West Norfolk,25433,69223,59669,King's Lynn and West Norfolk,94656,11276,42402,5991,King's Lynn and West Norfolk,25433,15595,19503,21172,30036,30136,12450,King's Lynn and West Norfolk,203,138317,1364,1132,13309
E07000147,North Norfolk,23,151,110,267,14,96,59,28,0,249,310,172,247,218,27,98403,86,471,2015,32,North Norfolk,13835,41659,47486,North Norfolk,55494,6687,36218,4581,North Norfolk,13835,10337,13574,14426,23391,18332,9085,North Norfolk,158,92794,628,372,9028
E07000148,Norwich,839,1627,2570,2303,528,2807,395,376,0,1327,1287,966,939,1639,900,111623,214,885,12485,214,Norwich,23159,65720,55043,Norwich,88879,13448,31240,10356,Norwich,23159,11147,14453,25170,41202,20617,8173,Norwich,3621,115730,1341,2069,21162
E07000149,South Norfolk,150,552,977,750,133,866,163,135,0,589,745,369,391,509,145,130292,150,519,4441,72,South Norfolk,24729,67749,49470,South Norfolk,92478,7928,36488,5054,South Norfolk,24729,11816,17561,20294,37556,19996,9996,South Norfolk,315,127198,1259,646,12529
E07000163,Craven,18,96,205,153,500,47,22,18,0,148,208,85,128,123,33,53690,48,244,1149,12,Craven,8643,27132,21152,Craven,35775,2935,15912,2305,Craven,8643,4260,6406,8257,18165,7032,4164,Craven,126,51083,389,293,5036
E07000164,Hambleton,21,145,190,243,65,122,56,66,0,205,283,104,149,212,67,86678,111,353,1607,15,Hambleton,13706,43405,33580,Hambleton,57110,5367,24561,3652,Hambleton,13706,6806,10321,13201,28170,11686,6797,Hambleton,213,80885,655,417,8520
E07000165,Harrogate,70,757,913,982,225,688,211,137,0,709,997,337,530,698,170,147479,83,976,6601,105,Harrogate,27362,79685,55620,Harrogate,107047,9728,39177,6715,Harrogate,27362,11298,18794,21872,54047,18605,10689,Harrogate,410,142407,1296,1204,17350
E07000166,Richmondshire,9,46,68,1199,24,167,132,141,0,128,150,81,103,506,38,46027,33,196,721,12,Richmondshire,8036,24679,17061,Richmondshire,32715,3019,11865,2177,Richmondshire,8036,3904,6097,7766,13702,6425,3846,Richmondshire,142,42979,433,658,5564
E07000167,Ryedale,20,93,52,118,42,62,19,12,0,130,132,89,73,132,32,51963,59,236,1418,25,Ryedale,8382,25961,20364,Ryedale,34343,3253,14808,2302,Ryedale,8382,4381,6730,7555,15303,8210,4145,Ryedale,156,48979,416,271,4884
E07000168,Scarborough,187,222,357,463,143,268,44,19,0,278,404,164,223,376,128,101848,60,316,3100,136,Scarborough,16626,46550,45560,Scarborough,63176,8470,31962,5128,Scarborough,16626,9288,13002,15466,25365,18938,10051,Scarborough,212,97629,887,580,9428
E07000169,Selby,6,215,246,189,38,140,52,36,0,210,322,122,230,234,94,86380,156,360,2915,43,Selby,16556,46124,29308,Selby,62680,5391,20415,3503,Selby,16556,7686,11027,13710,24194,12094,6719,Selby,138,82737,943,287,7883
E07000170,Ashfield,56,356,873,474,209,959,395,221,0,387,449,267,956,450,100,115972,67,313,3741,54,Ashfield,23454,58430,44416,Ashfield,81884,10598,29329,4489,Ashfield,23454,12299,16138,18393,22185,24281,9551,Ashfield,143,115556,1240,333,9027
E07000171,Bassetlaw,40,237,522,448,208,378,202,156,0,339,385,176,505,492,95,108338,135,317,4763,67,Bassetlaw,20437,54917,42450,Bassetlaw,75353,9511,28697,4245,Bassetlaw,20437,10651,14392,16961,24848,21013,9502,Bassetlaw,164,106232,1116,355,9937
E07000172,Broxtowe,112,1289,2390,1129,1232,1129,522,216,0,553,803,284,1179,968,498,93718,26,653,4176,63,Broxtowe,18400,51916,40624,Broxtowe,70316,8610,26992,5025,Broxtowe,18400,8758,11486,16771,31640,16079,7805,Broxtowe,921,98718,957,882,9462
E07000173,Gedling,106,472,1755,748,1451,1026,1263,386,0,777,859,351,2143,823,186,100367,28,887,3581,55,Gedling,20806,56187,40270,Gedling,76993,8251,27654,4365,Gedling,20806,9337,13327,17661,30727,17002,8404,Gedling,267,106723,1137,365,8769
E07000174,Mansfield,338,337,839,470,250,755,263,156,0,330,345,219,650,632,186,96475,89,387,7579,182,Mansfield,20312,51367,38803,Mansfield,71679,9767,24919,4116,Mansfield,20312,10542,13216,15853,19902,21910,8747,Mansfield,134,99885,1103,616,8744
E07000175,Newark and Sherwood,107,300,496,343,165,431,225,148,0,396,535,218,695,411,123,111939,342,569,5413,103,Newark and Sherwood,20988,57114,44854,Newark and Sherwood,78102,9543,30511,4800,Newark and Sherwood,20988,10577,14913,18403,29579,19448,9048,Newark and Sherwood,234,109646,1201,484,11390
E07000176,Rushcliffe,129,900,3471,777,1498,574,398,123,0,711,1226,291,1075,708,369,102479,45,893,3367,43,Rushcliffe,21354,56978,40745,Rushcliffe,78332,7345,28239,5161,Rushcliffe,21354,6924,11725,16649,44227,11727,6471,Rushcliffe,1083,104980,1040,718,11257
E07000177,Cherwell,288,1411,2795,2059,3153,1731,690,424,0,1221,1438,730,1225,1643,376,125422,178,1245,14632,354,Cherwell,30428,84972,45617,Cherwell,115400,8807,30030,6780,Cherwell,30428,13727,18169,20982,45840,20951,10919,Cherwell,397,140866,1775,1529,16450
E07000178,Oxford,2025,4479,6005,5863,6619,5060,1629,846,0,2820,3197,1072,1916,4499,1449,86672,62,2351,24975,501,Oxford,25322,73326,63392,Oxford,98648,17979,28849,16564,Oxford,25322,8339,10389,28127,65698,17204,6961,Oxford,6696,119351,1382,6590,28019
E07000179,South Oxfordshire,249,672,1645,1261,436,900,345,222,0,926,1289,396,791,962,209,127890,106,1313,9338,138,South Oxfordshire,27594,76476,45015,South Oxfordshire,104070,7417,31913,5685,South Oxfordshire,27594,10349,15412,19105,52950,15109,8566,South Oxfordshire,541,130899,1478,1079,15088
E07000180,Vale of White Horse,257,1283,1587,1713,650,1450,503,362,0,1017,1266,435,734,1202,350,115517,119,1146,9191,131,Vale of White Horse,26486,70864,41563,Vale of White Horse,97350,7303,28950,5310,Vale of White Horse,26486,9588,13750,17367,49504,14092,8125,Vale of White Horse,586,120360,1397,1391,15180
E07000181,West Oxfordshire,211,404,498,689,134,475,160,87,0,551,818,294,478,531,133,101648,187,851,5982,105,West Oxfordshire,20428,58926,34883,West Oxfordshire,79354,5510,25038,4335,West Oxfordshire,20428,8896,12617,16106,35913,13058,7219,West Oxfordshire,320,99582,1077,899,12359
E07000187,Mendip,86,402,317,457,36,230,90,49,0,436,643,237,350,361,44,106608,240,756,4660,87,Mendip,20038,55671,40380,Mendip,75709,6735,28994,4649,Mendip,20038,9097,14339,16704,32616,15504,7791,Mendip,367,103717,994,762,10249
E07000188,Sedgemoor,188,246,725,585,62,249,90,84,0,383,493,258,297,521,75,114340,185,494,5938,128,Sedgemoor,21562,59147,44634,Sedgemoor,80709,8201,31568,4865,Sedgemoor,21562,11654,16176,18553,27081,20290,10027,Sedgemoor,195,112143,1087,578,11340
E07000189,South Somerset,178,335,808,877,132,555,157,104,0,584,602,386,451,560,112,158325,197,653,7513,141,South Somerset,28858,80931,62882,South Somerset,109789,9781,46564,6536,South Somerset,28858,15108,21995,25900,42574,23749,14485,South Somerset,366,153590,1575,966,16172
E07000192,Cannock Chase,68,246,498,278,118,194,212,66,0,231,346,113,732,263,27,95019,33,315,1734,30,Cannock Chase,18041,48877,33601,Cannock Chase,66918,7715,22117,3769,Cannock Chase,18041,9826,13079,15521,18748,18134,7170,Cannock Chase,119,91531,1095,205,7569
E07000193,East Staffordshire,208,351,1084,1271,8638,713,487,176,0,465,867,201,1190,1129,190,97019,102,524,9192,214,East Staffordshire,23511,59318,41190,East Staffordshire,82829,9952,26136,5100,East Staffordshire,23511,10759,14594,17079,28826,20231,9019,East Staffordshire,191,111408,1339,742,10337
E07000194,Lichfield,163,315,1477,310,231,201,316,84,0,415,608,169,795,385,50,97952,29,663,2231,42,Lichfield,17840,50472,38124,Lichfield,68315,7063,27044,4017,Lichfield,17840,8930,12487,15241,29789,15110,7039,Lichfield,200,96068,963,323,8883
E07000195,Newcastle-under-Lyme,273,639,1707,1076,947,931,227,131,0,409,672,248,659,660,197,110947,71,365,3079,61,Newcastle-under-Lyme,20116,56682,46501,Newcastle-under-Lyme,76798,10301,30493,5707,Newcastle-under-Lyme,20116,9991,14052,20200,28938,20689,9313,Newcastle-under-Lyme,1214,109233,1116,562,11174
E07000196,South Staffordshire,59,189,2121,304,435,307,547,177,0,333,615,120,1174,464,60,101832,192,483,1034,29,South Staffordshire,17100,50699,42673,South Staffordshire,67799,8147,30359,4167,South Staffordshire,17100,9515,13510,16424,27448,18011,8464,South Staffordshire,157,100713,931,189,8482
E07000197,Stafford,144,474,1856,1173,518,715,510,215,0,521,677,248,1106,684,224,123203,113,699,3721,69,Stafford,23251,65766,47847,Stafford,89018,8461,34220,5167,Stafford,23251,10712,15946,19756,39860,17910,9431,Stafford,254,122506,1225,565,12317
E07000198,Staffordshire Moorlands,11,122,199,226,100,78,90,20,0,198,308,89,307,138,27,92567,53,254,1044,13,Staffordshire Moorlands,14990,45035,35820,Staffordshire Moorlands,60025,6329,25864,3626,Staffordshire Moorlands,14990,7840,11441,14491,22944,16223,7916,Staffordshire Moorlands,135,88008,794,192,6717
E07000199,Tamworth,38,201,506,233,103,151,257,84,0,228,369,119,756,232,56,71456,17,449,3277,110,Tamworth,14856,38158,25633,Tamworth,53014,5742,16855,3036,Tamworth,14856,8284,10718,11728,13953,13899,5209,Tamworth,82,70962,855,245,6503
E07000200,Babergh,107,177,234,320,37,287,124,92,0,376,382,210,383,307,37,86418,40,481,2304,26,Babergh,14962,42957,34422,Babergh,57919,5338,25490,3594,Babergh,14962,8642,12142,13410,22817,13491,6875,Babergh,185,82819,713,316,8308
E07000202,Ipswich,2015,749,2366,2105,376,2483,1508,891,0,1422,820,1151,3016,2627,357,104208,356,587,11943,663,Ipswich,27809,67026,44806,Ipswich,94836,11344,27855,5607,Ipswich,27809,13437,16100,18241,29295,24251,10508,Ipswich,275,124491,1529,1078,12269
E07000203,Mid Suffolk,36,176,204,372,33,274,166,113,0,418,365,200,480,357,44,96581,93,442,2320,27,Mid Suffolk,16394,50024,36281,Mid Suffolk,66418,5504,26964,3813,Mid Suffolk,16394,9148,12784,15667,25917,15185,7604,Mid Suffolk,208,91729,866,548,9348
E07000207,Elmbridge,630,1415,3539,2549,919,1135,388,207,0,1781,2372,681,854,1901,884,102867,149,2326,13981,177,Elmbridge,29980,66980,41796,Elmbridge,96960,8294,28046,5454,Elmbridge,29980,7048,12442,14811,56677,11753,6043,Elmbridge,436,121875,1525,1705,13211
E07000208,Epsom and Ewell,528,1293,3189,2749,1474,970,353,246,0,1132,1416,401,601,1552,721,56136,81,1190,6766,139,Epsom and Ewell,16331,39909,24698,Epsom and Ewell,56240,5334,16058,3307,Epsom and Ewell,16331,5106,8177,10110,28642,8246,4326,Epsom and Ewell,291,72489,867,774,6517
E07000209,Guildford,476,2315,2873,3045,921,1531,357,262,0,1288,1773,615,710,1962,731,111076,467,1292,11718,235,Guildford,24295,69774,49582,Guildford,94068,10383,29752,9447,Guildford,24295,8646,13528,23554,52620,13540,7467,Guildford,2914,116855,1243,2783,19855
E07000210,Mole Valley,243,459,868,820,247,450,170,86,0,672,878,227,417,575,229,74983,99,948,4963,53,Mole Valley,15047,42341,29998,Mole Valley,57388,4975,21471,3552,Mole Valley,15047,6236,9857,11182,31214,8901,4949,Mole Valley,290,78505,730,558,7304
E07000211,Reigate and Banstead,887,950,4637,2880,2029,2878,1000,537,0,1633,1895,745,1268,1716,457,115949,278,1724,9238,145,Reigate and Banstead,30717,75127,45002,Reigate and Banstead,105843,9125,29894,5983,Reigate and Banstead,30717,10997,17047,19632,48338,15765,8350,Reigate and Banstead,421,133758,1681,1222,13764
E07000212,Runnymede,406,961,4030,1906,837,1092,358,141,0,945,1192,402,574,1217,461,63965,371,1131,7903,187,Runnymede,15361,42457,30261,Runnymede,57818,7083,17754,5424,Runnymede,15361,6543,9130,15509,25643,10528,5364,Runnymede,2042,73125,885,1287,10740
E07000213,Spelthorne,433,799,7559,2685,1670,1711,583,254,0,1074,1489,482,718,1975,528,71261,277,1321,7927,214,Spelthorne,19594,51539,31823,Spelthorne,71133,6845,20315,4663,Spelthorne,19594,9231,12028,13227,27996,14012,6868,Spelthorne,196,91931,1143,798,8888
E07000214,Surrey Heath,474,592,2941,2760,1290,953,292,183,0,758,963,263,476,1250,360,70473,201,837,5295,95,Surrey Heath,16669,45363,28421,Surrey Heath,62032,5381,19165,3873,Surrey Heath,16669,7076,10557,12377,28929,9643,5202,Surrey Heath,253,80540,832,776,8052
E07000215,Tandridge,223,460,1300,942,346,931,750,248,0,917,1137,359,918,666,96,73343,331,998,3870,42,Tandridge,17048,42575,28251,Tandridge,59623,5516,19446,3290,Tandridge,17048,6662,10727,12267,26516,9787,4867,Tandridge,259,79205,914,503,6993
E07000216,Waverley,246,801,796,952,830,588,194,105,0,770,1324,314,438,635,145,111321,257,1294,7133,83,Waverley,24594,60722,42913,Waverley,85316,7678,29987,5248,Waverley,24594,7531,13644,15825,48292,11859,6484,Waverley,720,112092,1101,1134,13182
E07000217,Woking,685,990,3358,2383,7325,1331,323,225,0,1060,1470,480,604,1539,641,69911,91,1050,10176,301,Woking,20961,52742,30240,Woking,73703,6674,19362,4204,Woking,20961,7003,10324,12138,37112,10993,5412,Woking,311,91294,1178,1383,9777
E07000218,North Warwickshire,11,89,463,156,125,113,196,55,0,202,268,101,542,169,32,60598,19,475,1367,55,North Warwickshire,11137,31754,22144,North Warwickshire,42891,4702,14861,2581,North Warwickshire,11137,6217,8265,9482,13387,11954,4593,North Warwickshire,81,59145,599,161,5049
E07000219,Nuneaton and Bedworth,121,357,7154,2210,940,1622,492,332,0,419,694,270,1066,1413,169,109807,95,697,6213,127,Nuneaton and Bedworth,25609,63114,45474,Nuneaton and Bedworth,88723,11311,28898,5264,Nuneaton and Bedworth,25609,12912,16263,18440,26577,24568,9827,Nuneaton and Bedworth,197,121508,1474,606,10411
E07000220,Rugby,299,787,5322,1357,963,1897,793,420,0,637,987,408,1170,1161,149,85684,73,1071,10978,207,Rugby,22176,58106,34081,Rugby,80282,7077,22755,4248,Rugby,22176,8974,12919,15159,32174,14451,8513,Rugby,312,100482,1188,910,11471
E07000221,Stratford-on-Avon,39,426,1239,617,245,242,180,60,0,537,922,245,584,586,130,121330,146,1183,5919,94,Stratford-on-Avon,22086,66236,46403,Stratford-on-Avon,88322,7242,33920,5244,Stratford-on-Avon,22086,9845,15155,18532,44455,16230,8422,Stratford-on-Avon,317,118631,1198,691,13889
E07000222,Warwick,132,1456,10112,1820,883,1000,445,171,0,1118,1745,450,1166,2120,302,112650,55,2114,10548,167,Warwick,25201,72748,50504,Warwick,97946,10892,31847,7768,Warwick,25201,9022,13233,21832,55685,15548,7932,Warwick,2946,124703,1372,2133,17299
E07000223,Adur,369,269,303,365,89,359,110,61,0,470,535,316,306,489,208,57390,105,488,2258,53,Adur,11591,29825,23128,Adur,41416,4443,16200,2485,Adur,11591,6065,7949,9055,14784,10333,4767,Adur,93,58791,539,233,4888
E07000224,Arun,523,433,727,839,108,500,221,136,0,700,784,420,580,793,121,146178,216,1018,10431,159,Arun,25335,73191,66360,Arun,98526,11293,48152,6918,Arun,25335,16142,21323,23983,36839,27534,13731,Arun,352,147241,1347,801,15148
E07000225,Chichester,176,413,624,894,61,453,218,112,0,584,720,293,450,522,147,111822,294,862,5333,93,Chichester,19358,56366,48344,Chichester,75724,7389,34691,6264,Chichester,19358,9263,14360,18587,38992,15536,7972,Chichester,805,107642,932,863,13826
E07000226,Crawley,626,563,7335,3590,6122,3296,683,1352,0,1462,1291,1002,1083,2473,675,73178,103,831,12490,337,Crawley,24924,58901,34668,Crawley,83825,8734,19668,6266,Crawley,24924,12423,15256,15358,25773,16682,8075,Crawley,202,104672,1500,1075,11044
E07000227,Horsham,263,634,1417,1259,401,895,256,161,0,1000,1160,399,571,709,209,129348,233,1163,6598,100,Horsham,26115,72167,48496,Horsham,98284,7638,35024,5834,Horsham,26115,11412,18801,21877,44615,15075,8884,Horsham,386,130226,1322,1021,13823
E07000228,Mid Sussex,599,588,2489,1550,279,871,309,157,0,1041,1597,555,634,964,209,130971,175,1456,7972,150,Mid Sussex,29250,76572,46744,Mid Sussex,105822,7567,33351,5826,Mid Sussex,29250,11498,18511,22257,47689,14457,8904,Mid Sussex,401,135506,1508,1110,14043
E07000229,Worthing,727,572,1097,1723,268,893,250,138,0,792,981,533,548,861,246,94680,82,942,5811,194,Worthing,18983,53557,38798,Worthing,72540,7184,27193,4422,Worthing,18983,9868,14057,16416,29318,14977,7719,Worthing,217,99053,1025,610,10433
E07000234,Bromsgrove,64,410,1854,426,405,278,375,113,0,468,783,141,1022,411,124,89676,85,986,1553,9,Bromsgrove,18082,47287,33814,Bromsgrove,65369,6426,23714,3674,Bromsgrove,18082,7355,11428,13476,29698,12725,6419,Bromsgrove,233,90084,888,335,7642
E07000235,Malvern Hills,59,295,300,276,121,162,68,32,0,237,470,160,252,228,48,74197,195,391,1982,14,Malvern Hills,12366,35800,31320,Malvern Hills,48166,4974,23241,3106,Malvern Hills,12366,5781,9379,10781,26021,9778,5380,Malvern Hills,244,71392,549,403,6898
E07000236,Redditch,226,236,1042,343,3148,335,550,169,0,335,498,120,1330,465,64,71742,53,539,5782,57,Redditch,16785,42694,27557,Redditch,59479,6350,17672,3535,Redditch,16785,8168,11026,12108,18162,14605,6182,Redditch,120,79035,956,384,6543
E07000237,Worcester,542,388,1336,1016,2578,836,241,135,0,514,716,425,628,876,160,85868,95,566,6817,132,Worcester,18265,51629,33978,Worcester,69894,7477,21299,5202,Worcester,18265,7892,11506,15703,28872,14869,6765,Worcester,920,90364,986,945,10657
E07000238,Wychavon,75,221,607,444,163,192,192,77,0,415,546,158,481,503,96,120048,637,624,6868,148,Wychavon,21775,63660,47057,Wychavon,85435,7974,34017,5069,Wychavon,21775,11321,15311,18393,36591,19535,9566,Wychavon,265,119801,1159,548,10720
E07000239,Wyre Forest,748,244,437,370,140,159,169,67,0,284,467,113,606,318,64,93961,451,475,2487,49,Wyre Forest,17044,45789,38774,Wyre Forest,62833,7750,27127,3897,Wyre Forest,17044,9053,12683,14402,22057,18419,7949,Wyre Forest,161,92606,883,192,7765
E07000240,St Albans,3107,1625,3856,1969,1619,1821,905,433,0,1842,2556,650,1306,1735,880,108962,142,2976,11636,149,St Albans,32078,72871,43220,St Albans,104947,8408,29034,5778,St Albans,32078,7775,13318,15218,61536,11783,6459,St Albans,528,131177,1493,1434,13535
E07000241,Welwyn Hatfield,598,1324,5211,2264,1198,5553,1069,685,0,1378,1353,863,1337,2170,534,80551,267,1569,11647,264,Welwyn Hatfield,22352,58149,39335,Welwyn Hatfield,80500,9506,22873,6956,Welwyn Hatfield,22352,8998,12533,18576,36378,13975,7024,Welwyn Hatfield,1753,101621,1237,2321,12904
E07000242,East Hertfordshire,366,786,1442,1035,390,1206,496,249,0,1207,1427,489,1122,1099,258,127245,145,1855,9059,283,East Hertfordshire,29006,76524,44628,East Hertfordshire,105530,8239,30349,6040,East Hertfordshire,29006,11407,17400,20392,46724,16756,8473,East Hertfordshire,467,133114,1560,967,14050
E07000243,Stevenage,800,536,2546,1866,952,2991,799,550,0,751,769,503,1193,877,266,67394,72,970,5567,96,Stevenage,18259,45460,25776,Stevenage,63719,5979,16315,3482,Stevenage,18259,9213,10908,12205,21096,12113,5701,Stevenage,203,80556,1056,777,6901
E07000244,East Suffolk,283,740,1034,1129,261,712,422,223,0,1002,1072,579,1054,810,112,229063,146,1095,6246,77,East Suffolk,39339,106365,100354,East Suffolk,145704,16566,74032,9755,East Suffolk,39339,23295,31039,34993,56968,40105,20319,East Suffolk,449,222085,1872,826,20825
E07000245,West Suffolk,286,600,1442,1910,493,1312,561,1000,0,1972,1169,840,899,2074,234,147935,268,1387,15371,195,West Suffolk,31821,89619,58508,West Suffolk,121440,10696,40209,7603,West Suffolk,31821,16000,20814,23853,42235,31016,14210,West Suffolk,293,156811,1846,4110,16888
E07000246,Somerset West and Taunton,230,680,1097,1116,101,623,120,84,0,511,710,334,464,649,145,142560,186,727,6960,150,Somerset West and Taunton,26150,73294,58001,Somerset West and Taunton,99444,9649,42287,6065,Somerset West and Taunton,26150,12641,20160,22628,42630,21532,11704,Somerset West and Taunton,374,140164,1402,1309,14197
E08000001,Bolton,985,1123,26238,3353,27897,9299,603,1336,0,1326,2338,1242,1737,3730,1812,203486,519,1430,7133,373,Bolton,63674,125438,106852,Bolton,189112,35631,59565,11655,Bolton,63674,24792,32352,38190,63678,52451,20824,Bolton,498,269720,3543,2267,19935
E08000002,Bury,480,1055,1866,2044,15148,2520,701,469,0,1085,1670,746,1622,3014,715,151528,132,2192,6730,134,Bury,38978,88483,66390,Bury,127461,18840,40164,7386,Bury,38978,15069,22659,25587,50036,28706,12816,Bury,298,177523,2125,997,12908
E08000003,Manchester,9673,12644,14857,12060,65875,47858,10472,7563,0,6898,6149,5992,9987,13250,15028,268572,597,9442,34138,883,Manchester,113980,234283,203675,Manchester,348263,81350,83518,38807,Manchester,113980,34988,45164,79621,164763,86110,27312,Manchester,12519,447364,6581,12659,72814
E08000004,Oldham,21754,819,1676,2514,32802,6065,876,1268,0,900,1829,1043,2353,2770,521,157914,177,1279,4978,549,Oldham,55053,98206,88829,Oldham,153259,32077,46495,10257,Oldham,55053,20672,26021,30829,46023,46208,17282,Oldham,277,222759,2980,1496,14576
E08000005,Rochdale,5170,867,1190,3654,30525,6476,440,1011,0,1035,1736,1210,1303,2854,815,156669,194,1735,6724,163,Rochdale,48826,94459,80487,Rochdale,143285,27002,44498,8988,Rochdale,48826,18414,24559,29467,46238,40649,15622,Rochdale,263,204136,2788,1455,15131
E08000006,Salford,803,3319,3744,2998,4074,13477,1338,1658,0,1963,1844,2098,2596,4548,3214,199614,295,2882,18942,515,Salford,53000,127606,89317,Salford,180606,28553,46554,14210,Salford,53000,20027,27231,36911,72678,42829,17247,Salford,2561,227662,3543,3890,32266
E08000007,Stockport,963,2306,4433,2809,10953,2030,896,490,0,1858,2359,1236,2215,3183,1509,245831,90,4174,7303,132,Stockport,55846,139806,99121,Stockport,195652,22523,65698,10900,Stockport,55846,21831,32340,38563,89741,37081,19371,Stockport,535,267289,3183,1452,22314
E08000008,Tameside,5842,1402,3737,1251,8966,4115,612,548,0,906,1344,859,1854,1418,540,190305,112,1536,5623,100,Tameside,45936,105654,79481,Tameside,151590,22757,47926,8798,Tameside,45936,20811,28050,32847,45214,40437,17776,Tameside,232,212108,2527,999,15205
E08000009,Trafford,634,4813,10208,2454,11479,3636,3442,1008,0,2232,2443,1068,3091,3327,2457,169550,46,4884,8147,134,Trafford,48901,111558,74593,Trafford,160459,18738,46700,9156,Trafford,48901,15309,23608,28141,79961,25990,13142,Trafford,633,212379,2383,2129,17528
E08000010,Wigan,156,1234,1532,1562,1342,3081,331,495,0,1027,1293,885,1148,1581,711,302482,247,1353,8579,291,Wigan,60636,154614,114080,Wigan,215250,29492,72576,12012,Wigan,60636,28257,41466,47383,69357,56571,25660,Wigan,360,300468,3356,1307,23839
E08000011,Knowsley,32,630,936,726,186,964,130,170,0,688,577,653,740,563,289,142698,24,855,3545,112,Knowsley,30220,69492,54807,Knowsley,99712,18502,30193,6112,Knowsley,30220,13203,17898,21411,29578,32600,9609,Knowsley,119,141962,1793,608,10037
E08000012,Liverpool,1917,8841,6251,7085,3673,12709,1493,2762,0,4934,3662,4157,4127,7722,8312,375785,501,6826,24162,1169,Liverpool,83060,205750,197278,Liverpool,288810,66625,97059,33594,Liverpool,83060,34955,46141,80909,124150,90049,26824,Liverpool,10464,407929,5014,7214,55467
E08000013,St. Helens,172,660,557,952,238,558,103,115,0,491,597,417,466,657,377,171546,145,945,4185,67,St. Helens,32677,82623,67948,St. Helens,115300,18296,42822,6828,St. Helens,32677,15613,22079,26153,40903,32245,13578,St. Helens,231,167624,1826,622,12945
E08000014,Sefton,423,1216,1009,1384,262,1006,308,195,0,1117,1225,821,893,1311,523,256327,47,2241,8705,220,Sefton,46843,124597,107793,Sefton,171440,25952,70851,10990,Sefton,46843,23885,32729,40580,69495,45890,19813,Sefton,411,255274,2452,1394,19702
E08000015,Wirral,1319,1847,1933,1839,364,854,330,205,0,1298,1605,973,1054,1301,585,295967,46,2641,5910,128,Wirral,58088,139503,122608,Wirral,197591,30365,79958,12285,Wirral,58088,25282,38576,46887,82451,46894,22022,Wirral,570,292547,2978,1179,22925
E08000016,Barnsley,39,542,504,844,368,1311,163,241,0,540,605,394,754,1118,215,226488,229,526,9377,314,Barnsley,44782,111680,88110,Barnsley,156462,22895,56262,8953,Barnsley,44782,21589,28977,33652,46798,50329,18445,Barnsley,253,223187,2511,806,17815
E08000017,Doncaster,190,1031,2279,2436,3150,2527,672,543,0,885,1197,716,1805,3294,424,266879,856,999,17534,687,Doncaster,57181,137858,113067,Doncaster,195039,30742,69605,12720,Doncaster,57181,28721,37907,41594,56931,61805,23970,Doncaster,367,278593,3283,1456,24405
E08000018,Rotherham,123,756,1312,1984,10001,2260,336,420,0,788,1300,583,1183,2028,778,234613,227,655,5760,699,Rotherham,50234,117803,97770,Rotherham,168037,27241,60330,10199,Rotherham,50234,24545,33613,36879,49807,50529,20200,Rotherham,270,243523,2756,800,18458
E08000019,Sheffield,4258,7393,6798,7440,27671,18237,4647,2628,0,4535,5214,2431,7524,8575,8956,414698,341,2750,19971,2456,Sheffield,100271,242007,214243,Sheffield,342278,63214,118632,32397,Sheffield,100271,41454,53589,84712,152194,88425,35876,Sheffield,9793,477724,5718,6709,56577
E08000021,Newcastle upon Tyne,7248,5382,7304,5441,8753,8555,340,1026,0,2027,2600,1378,915,4981,4175,223567,332,1895,13177,1031,Newcastle upon Tyne,51675,125078,123372,Newcastle upon Tyne,176753,40205,60262,22905,Newcastle upon Tyne,51675,19729,25891,52768,86063,46232,17767,Newcastle upon Tyne,9539,240278,2973,4737,42598
E08000022,North Tyneside,1009,1225,1539,1095,528,1020,102,159,0,702,1013,663,501,854,350,193303,54,797,3940,114,North Tyneside,37455,97265,74247,North Tyneside,134720,19237,47414,7596,North Tyneside,37455,16025,24300,28969,56375,29968,15875,North Tyneside,288,190192,1978,802,15707
E08000023,South Tyneside,2185,299,703,635,495,606,78,102,0,673,655,401,266,682,514,137429,56,353,1599,46,South Tyneside,26484,62508,58784,South Tyneside,88992,17608,35430,5746,South Tyneside,26484,12323,17393,22265,31707,24849,12755,South Tyneside,142,135692,1454,536,9952
E08000024,Sunderland,2908,937,1906,1768,685,2304,133,228,0,634,897,536,438,1007,417,254655,228,511,3871,110,Sunderland,48101,117151,108920,Sunderland,165252,34104,63945,10871,Sunderland,48101,24530,33553,38679,55532,51666,22111,Sunderland,585,249207,2617,1806,19957
E08000025,Birmingham,48232,12487,66519,33044,195102,66822,44718,14220,0,12276,13130,4680,25119,32769,19196,491211,686,16964,45914,1833,Birmingham,255296,442418,447203,Birmingham,697714,186119,200437,60649,Birmingham,255296,90079,111212,152046,265806,212198,58282,Birmingham,11559,1007977,14272,13642,97469
E08000026,Coventry,4257,4571,32096,10333,12658,24109,3459,3155,0,2289,3182,1663,4597,10224,2482,190889,294,5662,28285,1116,Coventry,68451,150143,126730,Coventry,218594,41191,64571,20968,Coventry,68451,27542,34920,52525,84691,53671,23524,Coventry,4739,292035,3926,7123,37500
E08000027,Dudley,619,1005,7812,2705,14906,3499,3625,1046,0,1322,2254,482,5133,2458,2026,266564,428,1114,6296,194,Dudley,61000,144640,117848,Dudley,205640,30193,75739,11916,Dudley,61000,28475,39480,45064,65589,60569,23311,Dudley,420,297540,3463,1057,21006
E08000028,Sandwell,11074,1204,44378,9220,22148,12668,13103,4008,0,2448,3274,928,8030,11709,2016,177929,324,1591,15405,375,Sandwell,75804,141072,124956,Sandwell,216876,47741,62719,14496,Sandwell,75804,30586,36175,39465,60316,76839,22647,Sandwell,343,312638,4244,2622,21985
E08000029,Solihull,1077,1758,11344,2058,7608,1346,2033,576,0,1305,2073,423,3695,2388,888,168398,74,3919,5220,57,Solihull,41739,97939,76562,Solihull,139678,17281,50849,8432,Solihull,41739,16623,24691,28266,61847,30642,12432,Solihull,455,196307,2074,1156,16248
E08000030,Walsall,6378,891,22726,3465,19739,6439,4889,1696,0,1477,2386,620,4834,5353,509,191529,356,1070,9549,220,Walsall,61024,118533,104567,Walsall,179557,34087,59548,10932,Walsall,61024,25619,31738,35038,52903,58781,19021,Walsall,322,260529,3338,1400,18539
E08000031,Wolverhampton,531,802,42052,5840,6676,11158,9905,3573,0,2058,2573,939,8495,8451,966,144303,255,1170,13528,451,Wolverhampton,55285,111309,97134,Wolverhampton,166594,32297,53234,11602,Wolverhampton,55285,22947,28741,31391,54712,52803,17847,Wolverhampton,593,237068,3090,2797,20179
E08000032,Bradford,12403,1345,14429,7934,139553,7061,2614,1303,0,2926,6458,1196,4426,8026,2734,309912,849,2139,19521,1583,Bradford,124837,221137,200437,Bradford,345974,77118,101628,21691,Bradford,124837,46051,57458,66275,115663,101122,35005,Bradford,973,495209,6622,3809,39799
E08000033,Calderdale,681,415,1861,1132,17637,847,400,192,0,849,1458,372,1348,1276,327,170983,136,1564,4906,247,Calderdale,39997,93382,73253,Calderdale,133378,18401,46609,8243,Calderdale,39997,16313,23351,29096,51419,31965,14490,Calderdale,320,187491,2106,778,15936
E08000034,Kirklees,1065,1526,22739,4077,54795,4180,4324,1444,0,2140,3980,1035,6433,4591,1915,305579,168,2335,10573,314,Kirklees,86941,190084,156191,Kirklees,277025,47081,91330,17780,Kirklees,86941,33776,46112,60187,103532,71832,30835,Kirklees,1552,391644,4759,2787,32473
E08000035,Leeds,5876,8117,21087,12018,31405,32211,7889,5276,0,5656,7410,4294,10028,12905,5980,595737,878,6892,36684,1610,Leeds,153483,374064,284407,Leeds,527546,77744,160051,46612,Leeds,153483,60190,79192,120782,228358,119597,50349,Leeds,12684,689265,8816,9592,91596
E08000036,Wakefield,74,1113,2291,2048,7107,3589,361,566,0,1033,1708,859,1338,1982,559,311634,280,963,15637,228,Wakefield,65832,164641,122897,Wakefield,230473,30606,79025,13266,Wakefield,65832,31086,42945,46794,69797,70233,26686,Wakefield,445,322086,3856,1356,25627
E08000037,Gateshead,379,1146,1027,1429,944,1852,109,253,0,590,872,547,384,2202,926,177131,115,710,5277,256,Gateshead,34403,87519,74230,Gateshead,121921,21360,45185,7685,Gateshead,34403,16022,22280,27436,45246,34975,15787,Gateshead,425,177265,1883,906,15672
E09000001,City of London,287,545,321,259,33,153,54,25,0,189,179,49,53,368,114,3649,0,185,2062,59,City of London,579,5351,2653,City of London,5930,733,1412,508,City of London,579,223,392,708,5939,529,215,City of London,190,6237,44,548,1564
E09000002,Barking and Dagenham,22393,1385,11503,5503,15799,35101,5824,5882,0,2420,1550,2376,2974,6397,1489,67550,184,1185,28498,858,Barking and Dagenham,57124,94589,67156,Barking and Dagenham,151713,28236,28678,10242,Barking and Dagenham,57124,16752,20367,21819,53791,36796,12221,Barking and Dagenham,296,197250,3156,2182,15985
E09000003,Barnet,2873,9434,30389,25589,6687,22670,4951,3030,0,7605,6032,3747,3505,30687,7383,140777,179,7644,74608,1554,Barnet,79990,186175,123179,Barnet,266165,41107,63342,18730,Barnet,79990,21302,30687,38541,151642,47762,19420,Barnet,1433,340971,4611,5916,36413
E09000004,Bexley,1790,3990,10925,6346,1383,23262,3230,3583,0,2346,2179,1726,2489,5535,527,158842,620,2528,14872,302,Bexley,50645,117984,77844,Bexley,168628,20228,47214,10402,Bexley,50645,21413,28535,32511,61837,35582,15949,Bexley,638,223929,2815,1381,17709
E09000005,Brent,2186,3393,66157,24562,15217,31070,21258,7167,0,6683,3607,3184,3775,15937,17924,51611,237,9314,54019,2520,Brent,64673,160997,114146,Brent,225670,47370,48297,18479,Brent,64673,24296,26148,34338,109998,59770,20593,Brent,1158,292263,3974,5676,36744
E09000006,Bromley,1748,5075,12326,6374,1784,13193,8169,3787,0,5073,4747,2431,5489,6297,1203,219493,578,4954,26719,551,Bromley,64903,162122,102967,Bromley,227025,23070,67099,12797,Bromley,64903,23030,35258,39420,113508,36581,17291,Bromley,815,296805,3657,2258,26456
E09000007,Camden,14356,6728,6952,8396,1610,14191,2703,1998,0,5078,4243,2059,2558,9783,4417,74348,128,5325,44285,978,Camden,32228,102511,75397,Camden,134739,27328,34511,13558,Camden,32228,8996,12776,25154,101932,20948,8103,Camden,3580,166134,2036,8196,30190
E09000008,Croydon,3549,3950,29563,16080,15345,40219,36108,12114,0,9172,5740,4453,10380,12807,2259,146268,212,4935,36450,1120,Croydon,80321,189407,120991,Croydon,269728,38272,64606,18113,Croydon,80321,28370,38241,45535,127342,49877,21032,Croydon,977,348079,5085,3493,33085
E09000009,Ealing,3685,4526,54806,31510,16714,22578,12898,4015,0,6673,5445,2446,4597,22655,16105,89265,248,8511,59009,1430,Ealing,71744,175026,120345,Ealing,246770,46928,54181,19236,Ealing,71744,23821,27461,37920,130981,52925,22263,Ealing,1318,318949,4146,6103,36599
E09000010,Enfield,8123,2691,11870,11615,3674,36463,16990,7059,0,7581,3818,2994,5165,37523,2535,103140,374,5969,61280,1121,Enfield,72802,143864,113318,Enfield,216666,43133,54454,15731,Enfield,72802,24151,29005,34476,93371,57813,18366,Enfield,673,297540,3721,3009,25041
E09000011,Greenwich,2395,7125,10128,14842,3538,44185,8724,7693,0,5362,3491,3302,5142,10670,1462,119665,385,4230,35844,882,Greenwich,59321,142934,86813,Greenwich,202255,29664,42785,14364,Greenwich,59321,18349,23747,30154,104926,38319,14253,Greenwich,985,251011,3772,3986,29314
E09000012,Hackney,6554,3459,8832,5579,2461,29478,17903,7264,0,6312,3691,2735,4749,20079,2342,87927,248,5582,43087,865,Hackney,49678,134310,75158,Hackney,183988,31596,30710,12852,Hackney,49678,12782,17449,24171,109724,35043,10299,Hackney,1153,216060,3391,4063,34476
E09000013,Hammersmith and Fulham,1277,4253,4100,7666,2010,13243,6626,2584,0,4242,3142,1777,3157,7866,5534,70105,93,4812,39184,1485,Hammersmith and Fulham,28530,98093,56534,Hammersmith and Fulham,126623,18650,27259,10625,Hammersmith and Fulham,28530,7892,11387,20165,89043,18332,7807,Hammersmith and Fulham,2233,144727,1883,4981,29333
E09000014,Haringey,4819,3848,5838,6413,2162,24855,16339,5272,0,6742,3915,2574,5325,23030,2525,84298,235,5701,58343,2004,Haringey,48238,134381,81619,Haringey,182619,30349,36838,14433,Haringey,48238,14732,18392,25260,104270,39921,13425,Haringey,877,225526,3031,3920,30884
E09000015,Harrow,1820,2784,74744,28540,10264,10584,6514,2053,0,3402,3140,1104,2187,12597,6239,53567,179,5608,34458,1421,Harrow,51582,125037,84584,Harrow,176619,30623,42238,11723,Harrow,51582,17150,21857,26422,94317,36454,13420,Harrow,822,231463,3034,3666,22218
E09000016,Havering,4774,2011,11292,4390,5683,14138,4832,2597,0,2644,2344,1535,3224,4465,809,174232,259,2894,19496,433,Havering,52322,124781,84949,Havering,177103,22008,52153,10788,Havering,52322,23453,31228,34125,61921,41947,17056,Havering,414,236791,3096,1469,20281
E09000017,Hillingdon,4050,3184,57341,23120,14243,15844,5752,2359,0,4110,4201,1897,3151,14806,4462,113377,479,5585,27255,691,Hillingdon,64031,142805,99073,Hillingdon,206836,34418,49255,15400,Hillingdon,64031,23872,28514,35836,90664,43906,19086,Hillingdon,1777,268925,3811,4324,27072
E09000018,Hounslow,2699,2664,60827,22202,17454,14895,3573,2342,0,4518,4128,2142,2726,15467,5461,81933,296,3894,39980,980,Hounslow,59500,138800,89881,Hounslow,198300,32974,42007,14900,Hounslow,59500,21674,23390,28046,95076,42630,17866,Hounslow,696,251493,3532,5231,27232
E09000019,Islington,5972,5125,4051,5389,995,18091,7368,3284,0,6053,3750,2257,4171,12339,2991,86092,108,7062,40534,958,Islington,32963,114970,68658,Islington,147933,24162,32049,12445,Islington,32963,10273,13146,22337,103975,25257,8638,Islington,2244,171898,2456,5860,34129
E09000020,Kensington and Chelsea,1488,3839,3209,7207,1282,6944,3237,1098,0,3465,3047,1288,1725,7766,6384,46883,84,2825,40553,1049,Kensington and Chelsea,20286,69440,53649,Kensington and Chelsea,89726,18619,27076,7954,Kensington and Chelsea,20286,5446,8803,15439,73226,13971,6204,Kensington and Chelsea,1704,116001,1270,5649,18751
E09000021,Kingston upon Thames,932,4127,7731,12768,4380,3105,1081,555,0,2802,3540,1090,1564,5979,3580,90288,61,2633,21404,445,Kingston upon Thames,32599,84148,51316,Kingston upon Thames,116747,13764,29152,8399,Kingston upon Thames,32599,8744,13319,19766,69582,16128,7927,Kingston upon Thames,1492,145077,1802,2831,16861
E09000022,Lambeth,2502,4986,6054,5641,3868,37359,28991,9795,0,8735,4541,4006,8348,15397,2649,119395,146,6828,46872,1537,Lambeth,48710,182819,86125,Lambeth,231529,29047,40140,16938,Lambeth,48710,16252,21025,31935,151312,35185,13235,Lambeth,2284,257601,3147,5753,48866
E09000023,Lewisham,1826,6296,5046,11398,2361,37834,31883,10756,0,7394,4359,3774,8726,12480,1671,111726,116,5055,36819,1033,Lewisham,58142,155712,86699,Lewisham,213854,28635,42205,15859,Lewisham,58142,17738,23426,31537,120814,35447,13448,Lewisham,1313,261095,3842,3428,30875
E09000024,Merton,2470,3615,9607,14660,9667,12218,7632,3037,0,4278,3756,1722,3009,7976,1923,88673,194,4337,35600,813,Merton,42415,112065,60707,Merton,154480,18123,32938,9646,Merton,42415,12368,16510,21786,86412,24609,11086,Merton,683,187420,2740,2960,21384
E09000025,Newham,55677,6213,38642,16439,31216,40874,13586,6842,0,5525,3324,3317,4253,13641,3534,51819,353,2039,51394,2342,Newham,74863,163445,112728,Newham,238307,54952,38773,19003,Newham,74863,24931,28082,35783,111130,57151,19097,Newham,1070,300631,4790,7621,36924
E09000026,Redbridge,31895,2918,51183,16837,44000,14573,8452,3071,0,4288,3577,1717,3154,14359,2263,71844,185,3092,31749,1104,Redbridge,68243,141627,100390,Redbridge,209870,40547,45720,14123,Redbridge,68243,20878,27163,33074,102696,41948,16258,Redbridge,648,276586,4062,3948,25016
E09000027,Richmond upon Thames,916,2777,7236,4789,1749,2260,936,491,0,3565,4238,1205,1654,4629,1721,123093,85,4866,28667,400,Richmond upon Thames,39444,97565,58269,Richmond upon Thames,137009,12608,36926,8735,Richmond upon Thames,39444,7779,14029,18830,94089,14163,6944,Richmond upon Thames,921,169369,2023,3279,19686
E09000028,Southwark,5547,8405,6145,8437,2006,48320,18156,10823,0,7528,4653,3569,6401,16307,3123,109253,156,6024,41208,1579,Southwark,51501,166948,89188,Southwark,218449,31262,39864,18062,Southwark,51501,15851,20135,31574,140514,35516,12546,Southwark,2916,253020,3230,6838,41633
E09000029,Sutton,1778,3989,12618,12225,6177,7441,3450,1574,0,3049,3068,1268,2777,5685,1392,120014,130,3118,19562,321,Sutton,43982,104224,61433,Sutton,148206,16487,36539,8407,Sutton,43982,15348,21432,25866,65889,25122,12000,Sutton,413,188785,2303,1672,16466
E09000030,Tower Hamlets,107333,10279,10135,6768,3341,15373,4930,2390,0,5206,4374,2236,3593,8494,3588,71177,110,3567,45187,2225,Tower Hamlets,57423,155392,97491,Tower Hamlets,212815,46215,33691,17585,Tower Hamlets,57423,17155,21433,33343,127299,40999,12654,Tower Hamlets,3125,242588,3970,10536,50084
E09000031,Waltham Forest,5166,2626,9134,9879,28740,18759,17587,5301,0,6196,3875,2777,5135,13345,2884,94766,198,4230,46433,1397,Waltham Forest,56244,140372,81808,Waltham Forest,196616,30614,38003,13193,Waltham Forest,56244,18874,23106,28770,95910,40535,14987,Waltham Forest,497,244815,3917,2629,26569
E09000032,Wandsworth,1639,4658,9599,10169,12249,17330,11356,4376,0,6988,5776,2494,5340,9582,3860,157048,120,8061,55131,1730,Wandsworth,53948,190442,83116,Wandsworth,244390,24998,42978,15140,Wandsworth,53948,12759,18895,31214,171346,27202,12142,Wandsworth,2317,259074,4024,6243,55848
E09000033,Westminster,7533,6625,7965,9658,2461,10451,4307,1698,0,5467,3718,2089,2061,12032,15439,57162,49,3742,50276,1503,Westminster,26769,101742,75725,Westminster,128511,30007,33356,12362,Westminster,26769,8615,12181,22019,102356,22882,9414,Westminster,2168,159868,1861,9883,30456
W06000001,Isle of Anglesey,40,108,94,166,22,68,17,19,0,173,191,78,156,102,58,66339,54,381,780,33,Isle of Anglesey,11731,29202,27945,Isle of Anglesey,40933,5225,20010,2710,Isle of Anglesey,11731,4828,8455,9930,18445,10270,5219,Isle of Anglesey,166,62787,573,145,5210
W06000002,Gwynedd,199,580,484,496,209,373,82,58,0,345,438,179,371,277,314,109548,111,554,2729,45,Gwynedd,19424,51818,46152,Gwynedd,71242,8534,30948,6669,Gwynedd,19424,7421,14302,18370,33807,15937,8131,Gwynedd,1675,103294,983,717,10723
W06000003,Conwy,179,433,373,471,195,162,60,49,0,282,457,189,326,275,116,107926,104,843,2284,19,Conwy,18377,48723,47641,Conwy,67100,8746,34132,4763,Conwy,18377,8317,13890,15948,31232,17998,8977,Conwy,243,104581,932,393,8592
W06000004,Denbighshire,115,337,332,700,166,179,44,45,0,227,350,162,313,243,119,90470,62,484,1440,32,Denbighshire,16909,40846,38062,Denbighshire,57755,8216,26240,3607,Denbighshire,16909,7175,11990,12903,24010,15668,7162,Denbighshire,172,86655,862,311,7817
W06000005,Flintshire,109,374,395,449,128,174,62,56,0,369,506,240,331,443,92,144356,123,630,6049,74,Flintshire,27384,73820,53758,Flintshire,101205,10855,36776,6127,Flintshire,27384,12648,19486,22746,37209,23373,12116,Flintshire,222,141881,1423,481,10955
W06000006,Wrexham,276,304,538,845,283,654,87,137,0,338,446,392,382,544,219,122547,119,427,6520,64,Wrexham,24843,61805,48469,Wrexham,86648,11138,32013,5318,Wrexham,24843,10473,16995,17690,32037,23095,9984,Wrexham,278,123205,1256,527,9851
W06000008,Ceredigion,76,320,325,230,145,252,74,40,0,257,292,128,190,230,138,65674,57,430,2586,29,Ceredigion,10084,30119,31272,Ceredigion,40203,5656,21326,4290,Ceredigion,10084,4513,8411,13036,21653,9036,4742,Ceredigion,1760,60417,501,516,8278
W06000009,Pembrokeshire,146,221,243,472,77,147,55,42,0,317,400,163,282,326,93,116816,574,701,2250,34,Pembrokeshire,20809,52765,49786,Pembrokeshire,73574,9056,35721,5009,Pembrokeshire,20809,9333,15533,17462,31991,19283,8949,Pembrokeshire,248,111751,1001,508,9851
W06000010,Carmarthenshire,137,379,562,1002,241,248,138,69,0,429,635,255,437,450,264,176673,437,649,4824,69,Carmarthenshire,32411,81951,73535,Carmarthenshire,114362,15471,51422,6642,Carmarthenshire,32411,13267,23691,25018,48644,31165,13701,Carmarthenshire,348,171250,1678,600,14021
W06000011,Swansea,2865,1932,2172,2528,954,2227,235,335,0,1180,1285,674,669,1805,1578,208703,93,1111,8028,117,Swansea,40633,100613,97244,Swansea,141246,23344,60788,13112,Swansea,40633,15552,27362,36055,64835,37304,16753,Swansea,3622,208797,2012,1768,22292
W06000012,Neath Port Talbot,508,387,527,607,224,274,148,100,0,344,493,211,535,316,105,135111,170,437,1760,33,Neath Port Talbot,25107,59189,57993,Neath Port Talbot,84296,14872,37295,5826,Neath Port Talbot,25107,10667,17359,20433,30280,27722,10721,Neath Port Talbot,361,130003,1266,470,10189
W06000013,Bridgend,163,491,588,730,180,257,98,74,0,393,525,279,487,346,80,137755,57,452,2480,55,Bridgend,26006,63984,55498,Bridgend,89990,12985,36809,5704,Bridgend,26006,10624,17717,19477,35852,25993,9819,Bridgend,205,132884,1346,471,10582
W06000014,Vale of Glamorgan,172,579,892,829,335,283,219,122,0,771,734,477,1005,453,268,121371,48,659,2696,26,Vale of Glamorgan,24482,59915,47542,Vale of Glamorgan,84397,10011,32604,4927,Vale of Glamorgan,24482,8902,15459,17835,40062,16740,8459,Vale of Glamorgan,299,118965,1229,651,10796
W06000015,Cardiff,6887,5017,8837,5627,8615,10587,1350,1959,0,4024,3572,2611,4299,5370,6624,266533,673,2335,16797,593,Cardiff,65995,160439,135874,Cardiff,226434,38809,72621,24444,Cardiff,65995,20457,32900,56856,118529,48399,19172,Cardiff,8319,298765,3551,5181,46492
W06000016,Rhondda Cynon Taf,247,894,958,1002,405,749,116,132,0,601,709,524,635,560,198,226123,69,516,3187,28,Rhondda Cynon Taf,43808,103389,90454,Rhondda Cynon Taf,147197,24048,57478,8928,Rhondda Cynon Taf,43808,18283,29121,32637,51749,46915,15136,Rhondda Cynon Taf,782,217430,2304,924,16211
W06000018,Caerphilly,38,446,456,489,155,129,93,61,0,433,535,247,539,292,87,169356,38,389,2126,46,Caerphilly,32470,77442,66043,Caerphilly,109909,17576,42520,5947,Caerphilly,32470,14433,22242,24146,36306,34625,11730,Caerphilly,205,163176,1607,235,10729
W06000019,Blaenau Gwent,26,140,212,172,71,76,29,10,0,143,138,69,219,104,38,63990,133,92,1227,14,Blaenau Gwent,11760,28799,26345,Blaenau Gwent,40559,7148,16896,2301,Blaenau Gwent,11760,5980,8554,8647,11892,15376,4695,Blaenau Gwent,76,61611,662,105,4449
W06000020,Torfaen,99,212,254,546,91,118,69,41,0,262,264,136,343,199,46,87873,265,296,1131,31,Torfaen,17163,40655,34458,Torfaen,57818,7862,23258,3338,Torfaen,17163,7697,11458,12736,20128,16631,6463,Torfaen,107,84981,915,158,6115
W06000021,Monmouthshire,52,277,317,445,94,132,62,36,0,295,376,183,261,236,88,87566,36,451,2034,19,Monmouthshire,14718,42830,35409,Monmouthshire,57548,5849,25961,3599,Monmouthshire,14718,6463,10589,12172,30809,12315,5891,Monmouthshire,226,84351,735,397,7248
W06000022,Newport,2858,711,2023,1799,4803,2687,553,497,0,1095,1188,640,1528,1738,999,128245,168,685,6969,406,Newport,32169,72789,54634,Newport,104958,15124,33236,6275,Newport,32169,11741,18188,19978,39544,27690,10282,Newport,345,144997,1839,1061,11350
W06000023,Powys,79,160,176,782,50,74,96,51,0,320,373,147,295,306,100,126357,105,581,3068,49,Powys,20633,61726,50810,Powys,82359,8517,37170,5123,Powys,20633,9694,16747,19125,35849,21316,9805,Powys,285,120584,1052,472,10779
W06000024,Merthyr Tydfil,46,156,308,269,92,59,13,19,0,164,129,86,131,210,17,54916,56,113,2029,26,Merthyr Tydfil,11162,25635,22042,Merthyr Tydfil,36797,6142,13769,2131,Merthyr Tydfil,11162,4556,6911,7453,11911,12831,4015,Merthyr Tydfil,51,54365,607,243,3573
