ethnic_lower_tier_local_authorities_code,ethnic_lower_tier_local_authorities,ethnic_asian_asian_british_or_asian_welsh_bangladeshi,ethnic_asian_asian_british_or_asian_welsh_chinese,ethnic_asian_asian_british_or_asian_welsh_indian,ethnic_asian_asian_british_or_asian_welsh_other_asian,ethnic_asian_asian_british_or_asian_welsh_pakistani,ethnic_black_black_british_black_welsh_caribbean_or_african_african,ethnic_black_black_british_black_welsh_caribbean_or_african_caribbean,ethnic_black_black_british_black_welsh_caribbean_or_african_other_black,ethnic_does_not_apply,ethnic_mixed_or_multiple_ethnic_groups_other_mixed_or_multiple_ethnic_groups,ethnic_mixed_or_multiple_ethnic_groups_white_and_asian,ethnic_mixed_or_multiple_ethnic_groups_white_and_black_african,ethnic_mixed_or_multiple_ethnic_groups_white_and_black_caribbean,ethnic_other_ethnic_group_any_other_ethnic_group,ethnic_other_ethnic_group_arab,ethnic_white_english_welsh_scottish_northern_irish_or_british,ethnic_white_gypsy_or_irish_traveller,ethnic_white_irish,ethnic_white_other_white,ethnic_white_roma
E06000001,Hartlepool,278,217,335,473,297,327,57,61,0,173,240,115,143,284,270,87761,37,170,1081,19
E06000002,Middlesbrough,595,669,2804,2032,8990,3339,162,315,0,671,1110,650,570,2016,1452,114421,160,434,3212,320
E06000003,Redcar and Cleveland,158,208,175,336,283,182,48,35,0,240,460,215,270,211,321,131789,87,350,1148,14
E06000004,Stockton-on-Tees,236,690,1812,1439,4875,1823,130,250,0,725,1131,469,412,1106,558,177526,145,528,2595,143
E06000005,Darlington,759,308,1086,618,195,456,135,110,0,374,516,198,384,603,329,97320,434,342,3525,104
E06000006,Halton,58,418,375,460,125,293,84,134,0,458,461,342,530,523,241,120301,91,685,2831,68
E06000007,Warrington,197,1326,2347,1324,1760,1075,277,224,0,753,1204,593,785,1410,393,185940,115,1366,9717,167
E06000008,Blackburn with Darwen,1473,400,24389,1391,27525,1061,170,175,0,668,1329,231,368,1328,841,87997,101,589,4562,143
E06000009,Blackpool,442,542,892,1228,572,449,175,87,0,519,645,408,638,676,216,127445,236,808,4854,207
E06000010,Kingston upon Hull,1279,1234,1259,2451,1292,4292,232,541,0,1249,1172,1144,948,3488,1443,223962,451,455,19835,286
E06000011,East Riding of Yorkshire,129,766,1210,1053,528,617,173,104,0,851,1092,547,707,908,368,323838,324,1063,7819,118
E06000012,North East Lincolnshire,318,438,543,802,336,644,98,104,0,432,502,306,377,671,366,145362,65,320,5156,127
E06000013,North Lincolnshire,1840,451,1126,1192,1013,663,85,70,0,458,717,289,356,1148,224,150554,168,556,8548,226
E06000014,York,413,2889,1853,1934,545,978,208,139,0,1037,1579,494,631,1331,623,176963,368,1317,9297,222
E06000015,Derby,827,1416,12631,4993,21034,6110,3056,1316,0,2048,2412,924,4178,6516,1032,173077,408,1982,16241,1163
E06000016,Leicester,7055,2481,126421,11347,12673,21536,4466,2764,0,3439,3659,1776,5025,11870,3402,122395,457,1789,25177,839
E06000017,Rutland,19,149,236,170,60,251,213,88,0,166,249,93,236,198,13,37372,86,265,1168,18
E06000018,Nottingham,2223,4263,11515,8532,21684,18740,9339,4136,0,3442,3363,2129,10129,7037,3673,185580,269,2360,24091,1130
E06000019,Herefordshire,55,339,843,842,139,340,150,77,0,538,689,280,473,795,224,170419,431,727,9510,161
E06000020,Telford and Wrekin,207,818,4559,1115,3368,3962,748,641,0,770,1315,676,2083,1401,242,153936,203,723,8589,187
E06000021,Stoke-on-Trent,1577,1073,2772,4596,15579,5048,916,920,0,1017,1783,1020,2040,3639,690,202906,295,572,11498,428
E06000022,Bath and North East Somerset,359,2089,1787,1876,278,980,616,250,0,1310,1846,595,1505,1058,552,165478,71,1427,11114,218
E06000023,Bristol,2616,5466,8302,5821,9064,18149,6803,2938,0,5225,5556,2621,7714,6510,2540,338452,273,4288,39163,966
E06000024,North Somerset,433,725,1067,949,148,733,251,155,0,940,1191,497,1007,957,247,195915,187,1210,9948,169
E06000025,South Gloucestershire,581,2113,4867,2181,1352,2787,1219,528,0,1720,1953,905,2711,1900,751,249160,443,1327,13553,373
E06000026,Plymouth,537,1430,1403,2188,389,2022,460,304,0,1339,1349,860,1108,1902,677,236802,165,1055,10537,168
E06000027,Torbay,129,435,527,1001,162,264,135,48,0,536,679,288,581,481,136,128375,41,714,4714,78
E06000030,Swindon,1403,1156,17643,4946,2025,4149,1044,930,0,1778,1694,1051,1972,3134,344,173231,177,1545,14652,537
E06000031,Peterborough,442,990,7169,5228,16972,6225,1419,1107,0,1979,2021,1627,1990,5023,897,128353,551,1177,31562,938
E06000032,Luton,20630,901,12096,8555,41143,11774,8216,2745,0,2437,2429,1268,3486,5677,2106,71532,238,4570,24650,808
E06000033,Southend-on-Sea,1615,1170,2828,2486,1765,3590,839,724,0,1401,1527,1045,1580,1634,402,147442,106,1569,8721,241
E06000034,Thurrock,2502,997,3982,2579,2145,16171,2174,2532,0,1345,1099,1115,1693,2306,369,116430,428,993,16811,322
E06000035,Medway,1962,1273,7693,3431,2125,11266,2552,1905,0,1882,2158,1394,2425,3508,452,218953,749,1866,13710,469
E06000036,Bracknell Forest,219,828,3774,3111,947,2072,554,367,0,971,1337,565,970,1311,310,96950,161,1038,8956,164
E06000037,West Berkshire,398,801,3087,1046,658,1095,627,308,0,1028,1274,501,1054,907,279,138253,190,1404,8379,158
E06000038,Reading,1132,2694,10777,7959,8279,7665,3293,1574,0,2041,2117,1249,3555,3720,1282,93167,107,2040,20999,573
E06000039,Slough,910,594,30209,8063,34317,7815,2771,1406,0,1688,1945,824,1854,7144,1826,38101,237,1143,17296,357
E06000040,Windsor and Maidenhead,405,1329,9823,2338,6177,1433,628,297,0,1500,2195,617,926,2462,816,105991,287,2176,13900,197
E06000041,Wokingham,388,2392,12412,2435,5241,2914,864,528,0,1391,2212,667,1304,1955,948,129087,331,1504,10750,179
E06000042,Milton Keynes,3189,2913,15348,7032,7163,21502,2975,3374,0,3204,2973,2551,2997,4376,1349,178568,156,2382,24430,578
E06000043,Brighton and Hove,1729,3065,3633,3861,929,3949,988,521,0,4286,4198,2334,2410,5580,3049,204831,197,3944,26812,787
E06000044,Portsmouth,4742,2116,3104,3805,603,5369,950,751,0,1527,1540,1244,1176,2790,1007,161664,118,1066,14105,324
E06000045,Southampton,2064,4149,9169,6784,4248,5627,1103,809,0,2157,2444,1535,2173,4518,1311,169481,340,1643,28787,578
E06000046,Isle of Wight,153,250,316,846,98,296,128,54,0,432,584,207,497,291,88,131697,67,830,3550,75
E06000047,County Durham,300,2838,2148,1818,730,1202,284,254,0,1167,1962,914,906,1248,825,494638,798,1384,8494,157
E06000049,Cheshire East,626,1543,3480,2445,1437,1472,608,342,0,1750,2473,884,1952,2508,709,357337,345,2559,15884,418
E06000050,Cheshire West and Chester,742,1337,2338,2158,656,1515,373,219,0,1245,1961,904,1181,1564,595,325620,354,2651,11515,221
E06000051,Shropshire,237,909,1614,1121,443,576,300,241,0,1076,1259,400,1126,1043,386,301918,349,1506,8945,158
E06000052,Cornwall,319,1033,784,1663,233,574,302,182,0,1996,2446,895,1693,5757,298,533882,717,2455,14787,289
E06000053,Isles of Scilly,0,1,0,5,0,2,2,0,0,5,8,8,2,18,0,1926,1,9,68,0
E06000054,Wiltshire,934,1494,2810,5242,396,2984,1589,1213,0,2366,2703,1161,2479,2912,637,459594,711,2591,18257,260
E06000055,Bedford,4486,756,10074,2650,5297,5448,3227,1173,0,1863,2146,939,3638,2796,557,118779,208,1798,18906,483
E06000056,Central Bedfordshire,572,1368,4684,2385,1312,3942,2148,928,0,2097,2572,1095,3121,1989,493,245769,436,3527,15516,297
E06000057,Northumberland,302,521,1183,854,514,400,124,74,0,628,1033,440,456,742,268,308015,176,910,3864,62
E06000058,"Bournemouth, Christchurch and Poole",1219,2569,4678,4489,596,2833,917,483,0,3381,3213,1839,2660,4437,1371,329609,489,2611,31937,864
E06000059,Dorset,463,815,926,1859,242,605,296,181,0,1189,1635,601,1011,1119,223,356270,580,1917,9487,161
E06000060,Buckinghamshire,1673,3010,24181,9908,29546,6811,5668,1790,0,4984,6744,1902,5940,7196,1561,401489,623,6370,33132,550
E06000061,North Northamptonshire,1104,1005,7325,2263,1029,6889,2473,1655,0,1905,1926,1320,3024,2603,338,289274,365,2590,31699,736
E06000062,West Northamptonshire,4660,1892,9661,3334,2916,14304,3647,2710,0,2980,2720,1797,4619,4040,685,319509,340,3872,40628,1409
E07000008,Cambridge,2874,6362,5916,4974,1500,2519,639,403,0,2261,2987,1010,1152,3366,1141,77195,110,1885,28495,885
E07000009,East Cambridgeshire,118,344,537,542,147,460,119,126,0,626,618,312,327,488,87,75897,265,664,5968,118
E07000010,Fenland,72,245,387,443,85,455,223,136,0,394,382,220,416,676,47,88028,593,434,9058,167
E07000011,Huntingdonshire,417,687,1779,1601,1261,1766,483,397,0,1191,1220,636,1010,1101,167,154089,272,1255,11372,128
E07000012,South Cambridgeshire,420,1956,4205,1961,857,1431,341,247,0,1371,1832,600,788,1409,414,128985,478,1447,13200,175
E07000026,Allerdale,43,139,103,221,34,59,19,6,0,175,241,74,137,197,38,92981,53,241,1359,33
E07000027,Barrow-in-Furness,59,227,240,369,54,223,14,13,0,141,227,67,115,160,85,64485,21,179,710,17
E07000028,Carlisle,179,365,430,521,133,273,42,22,0,278,348,186,161,382,197,102004,188,437,3795,84
E07000029,Copeland,56,122,123,195,51,141,34,10,0,117,175,59,99,119,61,64851,23,163,666,11
E07000030,Eden,78,86,133,117,21,50,27,10,0,120,134,45,69,128,20,51891,49,203,1526,30
E07000031,South Lakeland,31,192,165,361,63,120,102,29,0,298,363,159,214,268,60,97960,34,446,3512,73
E07000032,Amber Valley,37,282,496,281,112,180,149,52,0,293,467,169,619,274,26,119934,66,453,2279,35
E07000033,Bolsover,12,152,266,206,86,246,111,62,0,164,190,102,288,200,42,74852,96,198,2963,34
E07000034,Chesterfield,75,363,679,417,416,444,260,135,0,356,363,185,594,341,83,96392,30,415,1982,38
E07000035,Derbyshire Dales,10,117,160,131,100,57,71,41,0,184,290,77,172,138,47,68326,38,355,1212,9
E07000036,Erewash,44,320,921,354,149,347,405,119,0,353,518,198,979,370,62,104400,38,532,2739,60
E07000037,High Peak,7,221,140,249,77,119,70,34,0,299,377,163,346,189,30,86183,20,639,1760,12
E07000038,North East Derbyshire,20,216,327,279,110,170,107,47,0,236,372,141,421,167,23,97657,45,306,1344,15
E07000039,South Derbyshire,29,287,2630,494,401,465,294,96,0,343,616,189,786,652,88,96634,72,437,2643,50
E07000040,East Devon,181,304,273,673,28,202,99,47,0,486,624,223,387,360,89,142011,147,710,3923,56
E07000041,Exeter,513,2020,1588,1980,274,893,137,107,0,1016,1305,484,503,1051,802,108095,100,875,8783,181
E07000042,Mid Devon,24,182,168,173,15,63,22,16,0,264,319,122,194,190,33,77699,142,326,2854,47
E07000043,North Devon,87,191,324,443,90,179,80,66,0,324,417,136,297,257,82,92944,58,387,2196,54
E07000044,South Hams,34,158,175,212,35,71,61,17,0,318,413,107,210,243,147,83481,81,456,2358,51
E07000045,Teignbridge,111,251,190,418,34,136,51,29,0,493,568,190,313,282,68,127937,131,575,2986,39
E07000046,Torridge,12,110,66,155,13,31,31,13,0,166,250,65,149,114,19,65452,54,288,1110,16
E07000047,West Devon,18,97,70,142,10,68,26,28,0,224,223,66,113,118,44,54196,40,271,1306,34
E07000061,Eastbourne,466,550,906,1452,170,883,259,166,0,823,812,508,659,1239,445,83465,77,960,7704,136
E07000062,Hastings,343,366,595,1107,125,782,304,176,0,753,724,404,758,1037,330,77418,128,780,4701,164
E07000063,Lewes,249,376,482,694,98,436,182,104,0,730,795,405,531,540,186,88830,100,811,4293,67
E07000064,Rother,118,265,427,553,27,344,163,54,0,448,568,265,421,342,126,85362,168,782,2634,47
E07000065,Wealden,246,437,712,772,83,371,196,79,0,736,1060,389,524,580,158,146968,397,1092,5248,104
E07000066,Basildon,729,735,3855,1812,864,6402,1279,1232,0,1170,1143,892,1733,1362,243,154045,237,1227,8326,281
E07000067,Braintree,221,365,834,917,229,1205,442,242,0,853,880,437,844,709,106,140283,161,1085,5385,67
E07000068,Brentwood,293,510,2015,828,267,1164,368,215,0,605,809,321,633,660,166,63696,95,1008,3318,77
E07000069,Castle Point,189,264,541,392,164,827,190,162,0,360,419,155,512,394,32,82997,31,528,1393,32
E07000070,Chelmsford,841,1133,4728,1820,1124,3373,796,587,0,1210,1438,722,1354,1312,384,150758,255,1536,8005,147
E07000071,Colchester,767,1834,3027,3536,743,4904,961,796,0,1533,1659,982,1428,2114,731,155488,175,1192,10602,244
E07000072,Epping Forest,703,785,4712,1548,1930,1941,1438,553,0,1521,1306,588,1481,2675,330,101994,142,1657,9516,160
E07000073,Harlow,740,817,1613,1188,1197,4156,909,762,0,787,623,587,1051,1385,301,67993,182,743,8103,193
E07000074,Maldon,143,127,224,211,36,119,76,41,0,232,328,107,230,192,16,62268,176,439,1202,44
E07000075,Rochford,77,266,439,306,97,402,140,91,0,310,493,198,431,260,36,80339,104,462,1180,31
E07000076,Tendring,131,505,462,608,88,454,323,133,0,543,605,361,884,465,75,138604,110,1142,2764,36
E07000077,Uttlesford,170,273,572,579,128,377,207,125,0,525,731,262,498,522,79,81245,105,844,4019,83
E07000078,Cheltenham,480,864,2005,1281,292,813,217,151,0,779,1139,390,641,903,322,98932,80,1031,8358,158
E07000079,Cotswold,56,235,387,465,52,261,78,63,0,441,493,171,288,297,33,83545,71,635,3202,57
E07000080,Forest of Dean,16,151,139,284,35,117,82,43,0,230,303,135,257,316,27,82401,103,314,1988,63
E07000081,Gloucester,802,497,4481,1603,1160,2149,1912,765,0,882,869,569,2694,1238,332,103317,224,800,7824,296
E07000082,Stroud,99,236,440,416,65,257,186,85,0,547,786,259,579,371,77,111896,126,711,3909,59
E07000083,Tewkesbury,111,229,798,674,112,341,151,103,0,385,531,192,591,385,73,85720,360,537,3508,81
E07000084,Basingstoke and Deane,480,1057,4745,3976,709,2514,680,417,0,1091,1454,711,1461,1675,344,151572,223,1330,10478,237
E07000085,East Hampshire,199,365,612,971,223,446,134,78,0,590,868,258,363,546,96,113814,278,749,5069,83
E07000086,Eastleigh,372,865,2634,1018,367,949,179,172,0,697,1076,469,575,789,199,120242,198,633,4913,97
E07000087,Fareham,143,562,834,454,121,403,181,86,0,449,704,231,343,395,107,106212,109,484,2636,58
E07000088,Gosport,92,312,337,405,23,439,405,140,0,359,342,190,319,401,49,75763,42,310,1992,29
E07000089,Hart,161,519,1318,1380,217,514,225,104,0,605,919,299,408,663,120,86414,246,769,4445,78
E07000090,Havant,178,424,905,527,73,463,155,132,0,438,557,372,352,399,108,115732,69,485,2792,49
E07000091,New Forest,176,435,577,843,72,399,162,142,0,609,801,327,478,556,87,163847,480,833,4843,115
E07000092,Rushmoor,297,507,2105,10526,1223,1448,652,431,0,630,829,412,707,2593,180,70917,190,658,5346,108
E07000093,Test Valley,248,676,1666,1357,337,974,241,243,0,645,835,378,454,792,188,114873,170,607,5718,89
E07000094,Winchester,271,793,1102,1545,206,499,199,94,0,754,1111,316,409,654,186,112304,374,902,5638,87
E07000095,Broxbourne,316,420,1391,1208,322,3802,1966,820,0,1421,749,451,1309,4327,204,67891,155,1310,10762,183
E07000096,Dacorum,461,757,3397,1745,2588,2822,1023,566,0,1346,1687,697,1536,1458,396,122107,194,2102,9997,202
E07000098,Hertsmere,381,1059,6660,2433,787,3713,890,578,0,1342,1240,508,948,3780,363,68032,167,2155,12509,282
E07000099,North Hertfordshire,581,709,3811,1319,536,1458,1331,446,0,1129,1455,509,1820,1195,291,108298,39,1684,6518,81
E07000102,Three Rivers,227,712,10166,1984,1176,1235,746,252,0,933,1346,343,768,1272,296,63706,86,1977,6457,90
E07000103,Watford,493,1024,9954,5369,8197,3954,1733,801,0,1444,1408,692,1300,2885,763,46820,80,2149,12836,343
E07000105,Ashford,336,578,1720,4630,404,2504,572,348,0,766,898,438,775,1584,298,109673,686,776,5682,79
E07000106,Canterbury,431,1357,1994,2054,541,2928,647,331,0,1264,1408,661,983,1682,675,129887,391,1311,8694,190
E07000107,Dartford,1052,1165,5123,3413,760,9812,1141,1329,0,931,980,723,1004,2131,254,78557,309,812,7100,158
E07000108,Dover,162,303,550,1346,41,546,176,115,0,500,546,297,411,863,136,105111,247,648,4170,243
E07000109,Gravesham,690,352,8136,1978,843,5235,847,870,0,715,791,535,787,3103,127,73030,320,699,7493,351
E07000110,Maidstone,649,655,2145,4196,568,2567,643,396,0,1108,1316,611,978,1836,249,144114,1009,994,11474,273
E07000111,Sevenoaks,236,765,1326,905,252,1332,370,230,0,842,1347,337,655,755,158,103116,460,1085,6272,72
E07000112,Folkestone and Hythe,196,358,490,3013,214,385,203,94,0,575,676,303,554,965,119,96590,146,765,3976,137
E07000113,Swale,406,328,776,656,146,2541,452,494,0,755,757,415,814,669,127,134385,925,855,5999,177
E07000114,Thanet,254,448,941,1344,272,859,453,169,0,893,894,591,1042,1461,247,122796,185,1145,6213,380
E07000115,Tonbridge and Malling,376,665,1547,999,289,873,278,163,0,816,1041,416,670,612,169,116787,462,849,5114,75
E07000116,Tunbridge Wells,548,681,1692,1278,367,828,174,129,0,818,1285,368,478,859,247,97049,333,913,7148,119
E07000117,Burnley,2737,164,378,549,10102,180,95,51,0,323,826,165,191,621,157,73752,83,457,3714,106
E07000118,Chorley,119,307,747,264,767,308,247,98,0,368,520,236,649,279,236,109449,57,630,2394,58
E07000119,Fylde,75,242,383,299,174,189,66,76,0,290,396,173,299,284,97,75793,49,548,1887,55
E07000120,Hyndburn,455,137,363,621,10825,160,40,24,0,211,573,119,188,370,167,65471,86,365,2018,44
E07000121,Lancaster,355,1597,1629,961,613,1019,125,71,0,616,823,341,424,825,477,125552,309,802,6310,90
E07000122,Pendle,302,161,242,366,24502,174,51,19,0,277,885,95,231,641,235,63320,97,342,3692,126
E07000123,Preston,758,707,19047,1749,7554,2355,827,307,0,781,1321,506,1759,1685,1157,97715,114,923,8321,248
E07000124,Ribble Valley,24,139,385,136,581,76,35,14,0,165,323,123,125,132,51,57916,7,340,978,15
E07000125,Rossendale,1587,209,226,222,1632,89,58,25,0,200,425,153,265,190,77,64073,28,509,886,14
E07000126,South Ribble,59,327,1165,334,422,266,209,64,0,289,632,237,750,266,96,103089,25,617,2132,56
E07000127,West Lancashire,36,264,447,366,119,245,100,43,0,384,509,312,342,319,148,108998,29,657,4040,71
E07000128,Wyre,45,330,221,410,103,167,69,37,0,264,367,202,302,185,105,107171,71,487,1379,31
E07000129,Blaby,59,518,6870,632,418,980,440,174,0,590,857,267,1051,1138,177,84746,90,561,3301,55
E07000130,Charnwood,2677,1760,15735,2027,654,2081,518,241,0,1055,1721,529,1355,1549,609,143345,70,1038,6841,165
E07000131,Harborough,68,233,4250,468,279,411,201,87,0,457,762,182,602,691,81,85474,193,554,2608,22
E07000132,Hinckley and Bosworth,85,386,2018,437,221,423,187,82,0,456,681,215,638,539,93,103225,80,554,3273,48
E07000133,Melton,22,115,306,143,13,103,67,22,0,138,239,76,206,125,35,48064,25,269,1767,17
E07000134,North West Leicestershire,14,234,784,443,68,423,144,75,0,312,576,174,530,416,65,96430,129,454,3373,63
E07000135,Oadby and Wigston,315,325,12189,1020,2282,725,394,135,0,408,730,194,541,1515,382,34512,10,360,1692,18
E07000136,Boston,67,111,606,342,317,357,57,53,0,295,261,176,283,728,119,52540,142,161,13697,193
E07000137,East Lindsey,109,271,282,360,112,148,108,36,0,317,455,160,552,231,54,136036,123,476,2414,51
E07000138,Lincoln,322,788,788,1147,302,1094,236,136,0,568,657,373,470,948,320,85891,145,652,8818,159
E07000139,North Kesteven,85,286,370,327,92,239,104,73,0,327,450,218,373,307,92,111304,57,510,2830,28
E07000140,South Holland,66,205,467,372,66,324,118,75,0,336,343,219,327,531,50,80244,168,274,10764,173
E07000141,South Kesteven,67,504,865,857,236,552,222,101,0,512,590,318,531,532,97,129741,107,681,6822,70
E07000142,West Lindsey,17,186,547,268,118,183,106,44,0,233,358,169,321,254,88,89964,216,372,1691,18
E07000143,Breckland,120,254,342,519,105,387,233,200,0,598,482,456,515,777,32,125516,204,654,9938,145
E07000144,Broadland,179,436,554,593,69,474,95,115,0,478,665,395,304,400,97,123265,60,513,2990,41
E07000145,Great Yarmouth,64,246,786,719,121,857,105,142,0,423,374,424,354,699,75,88663,135,352,5097,114
E07000146,King's Lynn and West Norfolk,103,400,1238,979,166,518,143,182,0,617,526,429,450,860,152,136966,417,655,9386,139
E07000147,North Norfolk,23,151,110,267,14,96,59,28,0,249,310,172,247,218,27,98403,86,471,2015,32
E07000148,Norwich,839,1627,2570,2303,528,2807,395,376,0,1327,1287,966,939,1639,900,111623,214,885,12485,214
E07000149,South Norfolk,150,552,977,750,133,866,163,135,0,589,745,369,391,509,145,130292,150,519,4441,72
E07000163,Craven,18,96,205,153,500,47,22,18,0,148,208,85,128,123,33,53690,48,244,1149,12
E07000164,Hambleton,21,145,190,243,65,122,56,66,0,205,283,104,149,212,67,86678,111,353,1607,15
E07000165,Harrogate,70,757,913,982,225,688,211,137,0,709,997,337,530,698,170,147479,83,976,6601,105
E07000166,Richmondshire,9,46,68,1199,24,167,132,141,0,128,150,81,103,506,38,46027,33,196,721,12
E07000167,Ryedale,20,93,52,118,42,62,19,12,0,130,132,89,73,132,32,51963,59,236,1418,25
E07000168,Scarborough,187,222,357,463,143,268,44,19,0,278,404,164,223,376,128,101848,60,316,3100,136
E07000169,Selby,6,215,246,189,38,140,52,36,0,210,322,122,230,234,94,86380,156,360,2915,43
E07000170,Ashfield,56,356,873,474,209,959,395,221,0,387,449,267,956,450,100,115972,67,313,3741,54
E07000171,Bassetlaw,40,237,522,448,208,378,202,156,0,339,385,176,505,492,95,108338,135,317,4763,67
E07000172,Broxtowe,112,1289,2390,1129,1232,1129,522,216,0,553,803,284,1179,968,498,93718,26,653,4176,63
E07000173,Gedling,106,472,1755,748,1451,1026,1263,386,0,777,859,351,2143,823,186,100367,28,887,3581,55
E07000174,Mansfield,338,337,839,470,250,755,263,156,0,330,345,219,650,632,186,96475,89,387,7579,182
E07000175,Newark and Sherwood,107,300,496,343,165,431,225,148,0,396,535,218,695,411,123,111939,342,569,5413,103
E07000176,Rushcliffe,129,900,3471,777,1498,574,398,123,0,711,1226,291,1075,708,369,102479,45,893,3367,43
E07000177,Cherwell,288,1411,2795,2059,3153,1731,690,424,0,1221,1438,730,1225,1643,376,125422,178,1245,14632,354
E07000178,Oxford,2025,4479,6005,5863,6619,5060,1629,846,0,2820,3197,1072,1916,4499,1449,86672,62,2351,24975,501
E07000179,South Oxfordshire,249,672,1645,1261,436,900,345,222,0,926,1289,396,791,962,209,127890,106,1313,9338,138
E07000180,Vale of White Horse,257,1283,1587,1713,650,1450,503,362,0,1017,1266,435,734,1202,350,115517,119,1146,9191,131
E07000181,West Oxfordshire,211,404,498,689,134,475,160,87,0,551,818,294,478,531,133,101648,187,851,5982,105
E07000187,Mendip,86,402,317,457,36,230,90,49,0,436,643,237,350,361,44,106608,240,756,4660,87
E07000188,Sedgemoor,188,246,725,585,62,249,90,84,0,383,493,258,297,521,75,114340,185,494,5938,128
E07000189,South Somerset,178,335,808,877,132,555,157,104,0,584,602,386,451,560,112,158325,197,653,7513,141
E07000192,Cannock Chase,68,246,498,278,118,194,212,66,0,231,346,113,732,263,27,95019,33,315,1734,30
E07000193,East Staffordshire,208,351,1084,1271,8638,713,487,176,0,465,867,201,1190,1129,190,97019,102,524,9192,214
E07000194,Lichfield,163,315,1477,310,231,201,316,84,0,415,608,169,795,385,50,97952,29,663,2231,42
E07000195,Newcastle-under-Lyme,273,639,1707,1076,947,931,227,131,0,409,672,248,659,660,197,110947,71,365,3079,61
E07000196,South Staffordshire,59,189,2121,304,435,307,547,177,0,333,615,120,1174,464,60,101832,192,483,1034,29
E07000197,Stafford,144,474,1856,1173,518,715,510,215,0,521,677,248,1106,684,224,123203,113,699,3721,69
E07000198,Staffordshire Moorlands,11,122,199,226,100,78,90,20,0,198,308,89,307,138,27,92567,53,254,1044,13
E07000199,Tamworth,38,201,506,233,103,151,257,84,0,228,369,119,756,232,56,71456,17,449,3277,110
E07000200,Babergh,107,177,234,320,37,287,124,92,0,376,382,210,383,307,37,86418,40,481,2304,26
E07000202,Ipswich,2015,749,2366,2105,376,2483,1508,891,0,1422,820,1151,3016,2627,357,104208,356,587,11943,663
E07000203,Mid Suffolk,36,176,204,372,33,274,166,113,0,418,365,200,480,357,44,96581,93,442,2320,27
E07000207,Elmbridge,630,1415,3539,2549,919,1135,388,207,0,1781,2372,681,854,1901,884,102867,149,2326,13981,177
E07000208,Epsom and Ewell,528,1293,3189,2749,1474,970,353,246,0,1132,1416,401,601,1552,721,56136,81,1190,6766,139
E07000209,Guildford,476,2315,2873,3045,921,1531,357,262,0,1288,1773,615,710,1962,731,111076,467,1292,11718,235
E07000210,Mole Valley,243,459,868,820,247,450,170,86,0,672,878,227,417,575,229,74983,99,948,4963,53
E07000211,Reigate and Banstead,887,950,4637,2880,2029,2878,1000,537,0,1633,1895,745,1268,1716,457,115949,278,1724,9238,145
E07000212,Runnymede,406,961,4030,1906,837,1092,358,141,0,945,1192,402,574,1217,461,63965,371,1131,7903,187
E07000213,Spelthorne,433,799,7559,2685,1670,1711,583,254,0,1074,1489,482,718,1975,528,71261,277,1321,7927,214
E07000214,Surrey Heath,474,592,2941,2760,1290,953,292,183,0,758,963,263,476,1250,360,70473,201,837,5295,95
E07000215,Tandridge,223,460,1300,942,346,931,750,248,0,917,1137,359,918,666,96,73343,331,998,3870,42
E07000216,Waverley,246,801,796,952,830,588,194,105,0,770,1324,314,438,635,145,111321,257,1294,7133,83
E07000217,Woking,685,990,3358,2383,7325,1331,323,225,0,1060,1470,480,604,1539,641,69911,91,1050,10176,301
E07000218,North Warwickshire,11,89,463,156,125,113,196,55,0,202,268,101,542,169,32,60598,19,475,1367,55
E07000219,Nuneaton and Bedworth,121,357,7154,2210,940,1622,492,332,0,419,694,270,1066,1413,169,109807,95,697,6213,127
E07000220,Rugby,299,787,5322,1357,963,1897,793,420,0,637,987,408,1170,1161,149,85684,73,1071,10978,207
E07000221,Stratford-on-Avon,39,426,1239,617,245,242,180,60,0,537,922,245,584,586,130,121330,146,1183,5919,94
E07000222,Warwick,132,1456,10112,1820,883,1000,445,171,0,1118,1745,450,1166,2120,302,112650,55,2114,10548,167
E07000223,Adur,369,269,303,365,89,359,110,61,0,470,535,316,306,489,208,57390,105,488,2258,53
E07000224,Arun,523,433,727,839,108,500,221,136,0,700,784,420,580,793,121,146178,216,1018,10431,159
E07000225,Chichester,176,413,624,894,61,453,218,112,0,584,720,293,450,522,147,111822,294,862,5333,93
E07000226,Crawley,626,563,7335,3590,6122,3296,683,1352,0,1462,1291,1002,1083,2473,675,73178,103,831,12490,337
E07000227,Horsham,263,634,1417,1259,401,895,256,161,0,1000,1160,399,571,709,209,129348,233,1163,6598,100
E07000228,Mid Sussex,599,588,2489,1550,279,871,309,157,0,1041,1597,555,634,964,209,130971,175,1456,7972,150
E07000229,Worthing,727,572,1097,1723,268,893,250,138,0,792,981,533,548,861,246,94680,82,942,5811,194
E07000234,Bromsgrove,64,410,1854,426,405,278,375,113,0,468,783,141,1022,411,124,89676,85,986,1553,9
E07000235,Malvern Hills,59,295,300,276,121,162,68,32,0,237,470,160,252,228,48,74197,195,391,1982,14
E07000236,Redditch,226,236,1042,343,3148,335,550,169,0,335,498,120,1330,465,64,71742,53,539,5782,57
E07000237,Worcester,542,388,1336,1016,2578,836,241,135,0,514,716,425,628,876,160,85868,95,566,6817,132
E07000238,Wychavon,75,221,607,444,163,192,192,77,0,415,546,158,481,503,96,120048,637,624,6868,148
E07000239,Wyre Forest,748,244,437,370,140,159,169,67,0,284,467,113,606,318,64,93961,451,475,2487,49
E07000240,St Albans,3107,1625,3856,1969,1619,1821,905,433,0,1842,2556,650,1306,1735,880,108962,142,2976,11636,149
E07000241,Welwyn Hatfield,598,1324,5211,2264,1198,5553,1069,685,0,1378,1353,863,1337,2170,534,80551,267,1569,11647,264
E07000242,East Hertfordshire,366,786,1442,1035,390,1206,496,249,0,1207,1427,489,1122,1099,258,127245,145,1855,9059,283
E07000243,Stevenage,800,536,2546,1866,952,2991,799,550,0,751,769,503,1193,877,266,67394,72,970,5567,96
E07000244,East Suffolk,283,740,1034,1129,261,712,422,223,0,1002,1072,579,1054,810,112,229063,146,1095,6246,77
E07000245,West Suffolk,286,600,1442,1910,493,1312,561,1000,0,1972,1169,840,899,2074,234,147935,268,1387,15371,195
E07000246,Somerset West and Taunton,230,680,1097,1116,101,623,120,84,0,511,710,334,464,649,145,142560,186,727,6960,150
E08000001,Bolton,985,1123,26238,3353,27897,9299,603,1336,0,1326,2338,1242,1737,3730,1812,203486,519,1430,7133,373
E08000002,Bury,480,1055,1866,2044,15148,2520,701,469,0,1085,1670,746,1622,3014,715,151528,132,2192,6730,134
E08000003,Manchester,9673,12644,14857,12060,65875,47858,10472,7563,0,6898,6149,5992,9987,13250,15028,268572,597,9442,34138,883
E08000004,Oldham,21754,819,1676,2514,32802,6065,876,1268,0,900,1829,1043,2353,2770,521,157914,177,1279,4978,549
E08000005,Rochdale,5170,867,1190,3654,30525,6476,440,1011,0,1035,1736,1210,1303,2854,815,156669,194,1735,6724,163
E08000006,Salford,803,3319,3744,2998,4074,13477,1338,1658,0,1963,1844,2098,2596,4548,3214,199614,295,2882,18942,515
E08000007,Stockport,963,2306,4433,2809,10953,2030,896,490,0,1858,2359,1236,2215,3183,1509,245831,90,4174,7303,132
E08000008,Tameside,5842,1402,3737,1251,8966,4115,612,548,0,906,1344,859,1854,1418,540,190305,112,1536,5623,100
E08000009,Trafford,634,4813,10208,2454,11479,3636,3442,1008,0,2232,2443,1068,3091,3327,2457,169550,46,4884,8147,134
E08000010,Wigan,156,1234,1532,1562,1342,3081,331,495,0,1027,1293,885,1148,1581,711,302482,247,1353,8579,291
E08000011,Knowsley,32,630,936,726,186,964,130,170,0,688,577,653,740,563,289,142698,24,855,3545,112
E08000012,Liverpool,1917,8841,6251,7085,3673,12709,1493,2762,0,4934,3662,4157,4127,7722,8312,375785,501,6826,24162,1169
E08000013,St. Helens,172,660,557,952,238,558,103,115,0,491,597,417,466,657,377,171546,145,945,4185,67
E08000014,Sefton,423,1216,1009,1384,262,1006,308,195,0,1117,1225,821,893,1311,523,256327,47,2241,8705,220
E08000015,Wirral,1319,1847,1933,1839,364,854,330,205,0,1298,1605,973,1054,1301,585,295967,46,2641,5910,128
E08000016,Barnsley,39,542,504,844,368,1311,163,241,0,540,605,394,754,1118,215,226488,229,526,9377,314
E08000017,Doncaster,190,1031,2279,2436,3150,2527,672,543,0,885,1197,716,1805,3294,424,266879,856,999,17534,687
E08000018,Rotherham,123,756,1312,1984,10001,2260,336,420,0,788,1300,583,1183,2028,778,234613,227,655,5760,699
E08000019,Sheffield,4258,7393,6798,7440,27671,18237,4647,2628,0,4535,5214,2431,7524,8575,8956,414698,341,2750,19971,2456
E08000021,Newcastle upon Tyne,7248,5382,7304,5441,8753,8555,340,1026,0,2027,2600,1378,915,4981,4175,223567,332,1895,13177,1031
E08000022,North Tyneside,1009,1225,1539,1095,528,1020,102,159,0,702,1013,663,501,854,350,193303,54,797,3940,114
E08000023,South Tyneside,2185,299,703,635,495,606,78,102,0,673,655,401,266,682,514,137429,56,353,1599,46
E08000024,Sunderland,2908,937,1906,1768,685,2304,133,228,0,634,897,536,438,1007,417,254655,228,511,3871,110
E08000025,Birmingham,48232,12487,66519,33044,195102,66822,44718,14220,0,12276,13130,4680,25119,32769,19196,491211,686,16964,45914,1833
E08000026,Coventry,4257,4571,32096,10333,12658,24109,3459,3155,0,2289,3182,1663,4597,10224,2482,190889,294,5662,28285,1116
E08000027,Dudley,619,1005,7812,2705,14906,3499,3625,1046,0,1322,2254,482,5133,2458,2026,266564,428,1114,6296,194
E08000028,Sandwell,11074,1204,44378,9220,22148,12668,13103,4008,0,2448,3274,928,8030,11709,2016,177929,324,1591,15405,375
E08000029,Solihull,1077,1758,11344,2058,7608,1346,2033,576,0,1305,2073,423,3695,2388,888,168398,74,3919,5220,57
E08000030,Walsall,6378,891,22726,3465,19739,6439,4889,1696,0,1477,2386,620,4834,5353,509,191529,356,1070,9549,220
E08000031,Wolverhampton,531,802,42052,5840,6676,11158,9905,3573,0,2058,2573,939,8495,8451,966,144303,255,1170,13528,451
E08000032,Bradford,12403,1345,14429,7934,139553,7061,2614,1303,0,2926,6458,1196,4426,8026,2734,309912,849,2139,19521,1583
E08000033,Calderdale,681,415,1861,1132,17637,847,400,192,0,849,1458,372,1348,1276,327,170983,136,1564,4906,247
E08000034,Kirklees,1065,1526,22739,4077,54795,4180,4324,1444,0,2140,3980,1035,6433,4591,1915,305579,168,2335,10573,314
E08000035,Leeds,5876,8117,21087,12018,31405,32211,7889,5276,0,5656,7410,4294,10028,12905,5980,595737,878,6892,36684,1610
E08000036,Wakefield,74,1113,2291,2048,7107,3589,361,566,0,1033,1708,859,1338,1982,559,311634,280,963,15637,228
E08000037,Gateshead,379,1146,1027,1429,944,1852,109,253,0,590,872,547,384,2202,926,177131,115,710,5277,256
E09000001,City of London,287,545,321,259,33,153,54,25,0,189,179,49,53,368,114,3649,0,185,2062,59
E09000002,Barking and Dagenham,22393,1385,11503,5503,15799,35101,5824,5882,0,2420,1550,2376,2974,6397,1489,67550,184,1185,28498,858
E09000003,Barnet,2873,9434,30389,25589,6687,22670,4951,3030,0,7605,6032,3747,3505,30687,7383,140777,179,7644,74608,1554
E09000004,Bexley,1790,3990,10925,6346,1383,23262,3230,3583,0,2346,2179,1726,2489,5535,527,158842,620,2528,14872,302
E09000005,Brent,2186,3393,66157,24562,15217,31070,21258,7167,0,6683,3607,3184,3775,15937,17924,51611,237,9314,54019,2520
E09000006,Bromley,1748,5075,12326,6374,1784,13193,8169,3787,0,5073,4747,2431,5489,6297,1203,219493,578,4954,26719,551
E09000007,Camden,14356,6728,6952,8396,1610,14191,2703,1998,0,5078,4243,2059,2558,9783,4417,74348,128,5325,44285,978
E09000008,Croydon,3549,3950,29563,16080,15345,40219,36108,12114,0,9172,5740,4453,10380,12807,2259,146268,212,4935,36450,1120
E09000009,Ealing,3685,4526,54806,31510,16714,22578,12898,4015,0,6673,5445,2446,4597,22655,16105,89265,248,8511,59009,1430
E09000010,Enfield,8123,2691,11870,11615,3674,36463,16990,7059,0,7581,3818,2994,5165,37523,2535,103140,374,5969,61280,1121
E09000011,Greenwich,2395,7125,10128,14842,3538,44185,8724,7693,0,5362,3491,3302,5142,10670,1462,119665,385,4230,35844,882
E09000012,Hackney,6554,3459,8832,5579,2461,29478,17903,7264,0,6312,3691,2735,4749,20079,2342,87927,248,5582,43087,865
E09000013,Hammersmith and Fulham,1277,4253,4100,7666,2010,13243,6626,2584,0,4242,3142,1777,3157,7866,5534,70105,93,4812,39184,1485
E09000014,Haringey,4819,3848,5838,6413,2162,24855,16339,5272,0,6742,3915,2574,5325,23030,2525,84298,235,5701,58343,2004
E09000015,Harrow,1820,2784,74744,28540,10264,10584,6514,2053,0,3402,3140,1104,2187,12597,6239,53567,179,5608,34458,1421
E09000016,Havering,4774,2011,11292,4390,5683,14138,4832,2597,0,2644,2344,1535,3224,4465,809,174232,259,2894,19496,433
E09000017,Hillingdon,4050,3184,57341,23120,14243,15844,5752,2359,0,4110,4201,1897,3151,14806,4462,113377,479,5585,27255,691
E09000018,Hounslow,2699,2664,60827,22202,17454,14895,3573,2342,0,4518,4128,2142,2726,15467,5461,81933,296,3894,39980,980
E09000019,Islington,5972,5125,4051,5389,995,18091,7368,3284,0,6053,3750,2257,4171,12339,2991,86092,108,7062,40534,958
E09000020,Kensington and Chelsea,1488,3839,3209,7207,1282,6944,3237,1098,0,3465,3047,1288,1725,7766,6384,46883,84,2825,40553,1049
E09000021,Kingston upon Thames,932,4127,7731,12768,4380,3105,1081,555,0,2802,3540,1090,1564,5979,3580,90288,61,2633,21404,445
E09000022,Lambeth,2502,4986,6054,5641,3868,37359,28991,9795,0,8735,4541,4006,8348,15397,2649,119395,146,6828,46872,1537
E09000023,Lewisham,1826,6296,5046,11398,2361,37834,31883,10756,0,7394,4359,3774,8726,12480,1671,111726,116,5055,36819,1033
E09000024,Merton,2470,3615,9607,14660,9667,12218,7632,3037,0,4278,3756,1722,3009,7976,1923,88673,194,4337,35600,813
E09000025,Newham,55677,6213,38642,16439,31216,40874,13586,6842,0,5525,3324,3317,4253,13641,3534,51819,353,2039,51394,2342
E09000026,Redbridge,31895,2918,51183,16837,44000,14573,8452,3071,0,4288,3577,1717,3154,14359,2263,71844,185,3092,31749,1104
E09000027,Richmond upon Thames,916,2777,7236,4789,1749,2260,936,491,0,3565,4238,1205,1654,4629,1721,123093,85,4866,28667,400
E09000028,Southwark,5547,8405,6145,8437,2006,48320,18156,10823,0,7528,4653,3569,6401,16307,3123,109253,156,6024,41208,1579
E09000029,Sutton,1778,3989,12618,12225,6177,7441,3450,1574,0,3049,3068,1268,2777,5685,1392,120014,130,3118,19562,321
E09000030,Tower Hamlets,107333,10279,10135,6768,3341,15373,4930,2390,0,5206,4374,2236,3593,8494,3588,71177,110,3567,45187,2225
E09000031,Waltham Forest,5166,2626,9134,9879,28740,18759,17587,5301,0,6196,3875,2777,5135,13345,2884,94766,198,4230,46433,1397
E09000032,Wandsworth,1639,4658,9599,10169,12249,17330,11356,4376,0,6988,5776,2494,5340,9582,3860,157048,120,8061,55131,1730
E09000033,Westminster,7533,6625,7965,9658,2461,10451,4307,1698,0,5467,3718,2089,2061,12032,15439,57162,49,3742,50276,1503
W06000001,Isle of Anglesey,40,108,94,166,22,68,17,19,0,173,191,78,156,102,58,66339,54,381,780,33
W06000002,Gwynedd,199,580,484,496,209,373,82,58,0,345,438,179,371,277,314,109548,111,554,2729,45
W06000003,Conwy,179,433,373,471,195,162,60,49,0,282,457,189,326,275,116,107926,104,843,2284,19
W06000004,Denbighshire,115,337,332,700,166,179,44,45,0,227,350,162,313,243,119,90470,62,484,1440,32
W06000005,Flintshire,109,374,395,449,128,174,62,56,0,369,506,240,331,443,92,144356,123,630,6049,74
W06000006,Wrexham,276,304,538,845,283,654,87,137,0,338,446,392,382,544,219,122547,119,427,6520,64
W06000008,Ceredigion,76,320,325,230,145,252,74,40,0,257,292,128,190,230,138,65674,57,430,2586,29
W06000009,Pembrokeshire,146,221,243,472,77,147,55,42,0,317,400,163,282,326,93,116816,574,701,2250,34
W06000010,Carmarthenshire,137,379,562,1002,241,248,138,69,0,429,635,255,437,450,264,176673,437,649,4824,69
W06000011,Swansea,2865,1932,2172,2528,954,2227,235,335,0,1180,1285,674,669,1805,1578,208703,93,1111,8028,117
W06000012,Neath Port Talbot,508,387,527,607,224,274,148,100,0,344,493,211,535,316,105,135111,170,437,1760,33
W06000013,Bridgend,163,491,588,730,180,257,98,74,0,393,525,279,487,346,80,137755,57,452,2480,55
W06000014,Vale of Glamorgan,172,579,892,829,335,283,219,122,0,771,734,477,1005,453,268,121371,48,659,2696,26
W06000015,Cardiff,6887,5017,8837,5627,8615,10587,1350,1959,0,4024,3572,2611,4299,5370,6624,266533,673,2335,16797,593
W06000016,Rhondda Cynon Taf,247,894,958,1002,405,749,116,132,0,601,709,524,635,560,198,226123,69,516,3187,28
W06000018,Caerphilly,38,446,456,489,155,129,93,61,0,433,535,247,539,292,87,169356,38,389,2126,46
W06000019,Blaenau Gwent,26,140,212,172,71,76,29,10,0,143,138,69,219,104,38,63990,133,92,1227,14
W06000020,Torfaen,99,212,254,546,91,118,69,41,0,262,264,136,343,199,46,87873,265,296,1131,31
W06000021,Monmouthshire,52,277,317,445,94,132,62,36,0,295,376,183,261,236,88,87566,36,451,2034,19
W06000022,Newport,2858,711,2023,1799,4803,2687,553,497,0,1095,1188,640,1528,1738,999,128245,168,685,6969,406
W06000023,Powys,79,160,176,782,50,74,96,51,0,320,373,147,295,306,100,126357,105,581,3068,49
W06000024,Merthyr Tydfil,46,156,308,269,92,59,13,19,0,164,129,86,131,210,17,54916,56,113,2029,26
